model,domain,seed,method,ratio,calibration_tokens,calibration_positions,ppl,nll,predicted_tokens,windows,sequence_length
llama2_7b,c4,0,fc_ls,0.2,262144,all_128x2048,6.803972989403049,647647.4770507812,337755,165,2048
llama2_7b,c4,0,flap,0.2,262144,all_128x2048,6.8164545633690805,648266.5053710938,337755,165,2048
llama2_7b,c4,0,sobp,0.2,262144,all_128x2048,6.973333552932774,655951.7502441406,337755,165,2048
llama2_7b,c4,0,fand,0.2,262144,all_128x2048,6.753738144182323,645144.525390625,337755,165,2048
llama2_7b,c4,0,slimllm,0.2,262144,all_128x2048,6.514601795242188,632968.4362792969,337755,165,2048
llama2_7b,c4,0,wanda,0.2,262144,all_128x2048,6.834560368342034,649162.4577636719,337755,165,2048
llama2_7b,c4,0,fc_ls,0.3,262144,all_128x2048,7.884314994719403,697421.9711914062,337755,165,2048
llama2_7b,c4,0,flap,0.3,262144,all_128x2048,7.963406329911475,700793.2717285156,337755,165,2048
llama2_7b,c4,0,sobp,0.3,262144,all_128x2048,8.11455739085979,707144.017578125,337755,165,2048
llama2_7b,c4,0,fand,0.3,262144,all_128x2048,8.079477884756345,705680.7260742188,337755,165,2048
llama2_7b,c4,0,slimllm,0.3,262144,all_128x2048,7.601104877679891,685066.3100585938,337755,165,2048
llama2_7b,c4,0,wanda,0.3,262144,all_128x2048,8.04439480789787,704210.9174804688,337755,165,2048
llama2_7b,c4,0,fc_ls,0.4,262144,all_128x2048,9.886922531165839,773868.6223144531,337755,165,2048
llama2_7b,c4,0,flap,0.4,262144,all_128x2048,10.21249487174227,784811.5568847656,337755,165,2048
llama2_7b,c4,0,sobp,0.4,262144,all_128x2048,9.923442290209925,775113.904296875,337755,165,2048
llama2_7b,c4,0,fand,0.4,262144,all_128x2048,10.412690805259514,791368.5209960938,337755,165,2048
llama2_7b,c4,0,slimllm,0.4,262144,all_128x2048,9.746894063626176,769050.8002929688,337755,165,2048
llama2_7b,c4,0,wanda,0.4,262144,all_128x2048,10.5844943294395,796895.8137207031,337755,165,2048
llama2_7b,c4,0,fc_ls,0.5,262144,all_128x2048,13.527810608777596,879766.5295410156,337755,165,2048
llama2_7b,c4,0,flap,0.5,262144,all_128x2048,14.107745181275773,893944.2478027344,337755,165,2048
llama2_7b,c4,0,sobp,0.5,262144,all_128x2048,13.285994403605754,873674.3806152344,337755,165,2048
llama2_7b,c4,0,fand,0.5,262144,all_128x2048,14.829370911978897,910793.4211425781,337755,165,2048
llama2_7b,c4,0,slimllm,0.5,262144,all_128x2048,14.230785804548004,896877.2048339844,337755,165,2048
llama2_7b,c4,0,wanda,0.5,262144,all_128x2048,15.241201653685602,920045.4291992188,337755,165,2048
llama2_7b,c4,1,fc_ls,0.2,262144,all_128x2048,6.816365934161818,648262.1137695312,337755,165,2048
llama2_7b,c4,1,flap,0.2,262144,all_128x2048,6.9074495700460465,652745.4741210938,337755,165,2048
llama2_7b,c4,1,sobp,0.2,262144,all_128x2048,6.941044927669522,654384.2114257812,337755,165,2048
llama2_7b,c4,1,fand,0.2,262144,all_128x2048,6.729737282835192,643942.1025390625,337755,165,2048
llama2_7b,c4,1,slimllm,0.2,262144,all_128x2048,6.49496905797667,631949.0236816406,337755,165,2048
llama2_7b,c4,1,wanda,0.2,262144,all_128x2048,6.894933876006351,652132.9365234375,337755,165,2048
llama2_7b,c4,1,fc_ls,0.3,262144,all_128x2048,7.906025544661651,698350.748046875,337755,165,2048
llama2_7b,c4,1,flap,0.3,262144,all_128x2048,8.066799947951825,705150.3205566406,337755,165,2048
llama2_7b,c4,1,sobp,0.3,262144,all_128x2048,8.016802830785867,703050.4389648438,337755,165,2048
llama2_7b,c4,1,fand,0.3,262144,all_128x2048,8.043019677039503,704153.17578125,337755,165,2048
llama2_7b,c4,1,slimllm,0.3,262144,all_128x2048,7.539579373001922,682321.3005371094,337755,165,2048
llama2_7b,c4,1,wanda,0.3,262144,all_128x2048,8.194447700783284,710453.056640625,337755,165,2048
llama2_7b,c4,1,fc_ls,0.4,262144,all_128x2048,9.867415177910626,773201.5578613281,337755,165,2048
llama2_7b,c4,1,flap,0.4,262144,all_128x2048,10.177867025824437,783664.3737792969,337755,165,2048
llama2_7b,c4,1,sobp,0.4,262144,all_128x2048,9.94935678471588,775994.7822265625,337755,165,2048
llama2_7b,c4,1,fand,0.4,262144,all_128x2048,10.414734729888947,791434.8129882812,337755,165,2048
llama2_7b,c4,1,slimllm,0.4,262144,all_128x2048,9.711824665347683,767833.3637695312,337755,165,2048
llama2_7b,c4,1,wanda,0.4,262144,all_128x2048,10.532666772563834,795237.9155273438,337755,165,2048
llama2_7b,c4,1,fc_ls,0.5,262144,all_128x2048,12.832029691444692,861931.9689941406,337755,165,2048
llama2_7b,c4,1,flap,0.5,262144,all_128x2048,13.084180222883438,868504.5187988281,337755,165,2048
llama2_7b,c4,1,sobp,0.5,262144,all_128x2048,13.249334173957456,872741.1203613281,337755,165,2048
llama2_7b,c4,1,fand,0.5,262144,all_128x2048,14.630090901157642,906223.830078125,337755,165,2048
llama2_7b,c4,1,slimllm,0.5,262144,all_128x2048,14.105529345968684,893891.1940917969,337755,165,2048
llama2_7b,c4,1,wanda,0.5,262144,all_128x2048,13.929853931345662,889658.2556152344,337755,165,2048
llama2_7b,c4,2,fc_ls,0.2,262144,all_128x2048,6.703489117274411,642622.1723632812,337755,165,2048
llama2_7b,c4,2,flap,0.2,262144,all_128x2048,6.765619832326762,645738.2075195312,337755,165,2048
llama2_7b,c4,2,sobp,0.2,262144,all_128x2048,6.721354651904414,643521.1291503906,337755,165,2048
llama2_7b,c4,2,fand,0.2,262144,all_128x2048,6.701272790532793,642510.484375,337755,165,2048
llama2_7b,c4,2,slimllm,0.2,262144,all_128x2048,6.492063197376856,631797.8776855469,337755,165,2048
llama2_7b,c4,2,wanda,0.2,262144,all_128x2048,6.805076168342658,647702.2353515625,337755,165,2048
llama2_7b,c4,2,fc_ls,0.3,262144,all_128x2048,7.794350557349254,693545.8413085938,337755,165,2048
llama2_7b,c4,2,flap,0.3,262144,all_128x2048,7.972761309529367,701189.8151855469,337755,165,2048
llama2_7b,c4,2,sobp,0.3,262144,all_128x2048,7.974994966854251,701284.427734375,337755,165,2048
llama2_7b,c4,2,fand,0.3,262144,all_128x2048,8.048987945822278,704403.7116699219,337755,165,2048
llama2_7b,c4,2,slimllm,0.3,262144,all_128x2048,7.558751837002697,683179.0905761719,337755,165,2048
llama2_7b,c4,2,wanda,0.3,262144,all_128x2048,8.292000049596002,714450.1794433594,337755,165,2048
llama2_7b,c4,2,fc_ls,0.4,262144,all_128x2048,9.778988195412602,770161.1176757812,337755,165,2048
llama2_7b,c4,2,flap,0.4,262144,all_128x2048,10.095103801570758,780906.6281738281,337755,165,2048
llama2_7b,c4,2,sobp,0.4,262144,all_128x2048,9.851568314664446,772658.6943359375,337755,165,2048
llama2_7b,c4,2,fand,0.4,262144,all_128x2048,10.63365624604713,798460.9560546875,337755,165,2048
llama2_7b,c4,2,slimllm,0.4,262144,all_128x2048,9.750964959921067,769191.837890625,337755,165,2048
llama2_7b,c4,2,wanda,0.4,262144,all_128x2048,10.58586929529614,796939.6865234375,337755,165,2048
llama2_7b,c4,2,fc_ls,0.5,262144,all_128x2048,12.949914416759695,865020.67578125,337755,165,2048
llama2_7b,c4,2,flap,0.5,262144,all_128x2048,13.489240991339933,878802.1689453125,337755,165,2048
llama2_7b,c4,2,sobp,0.5,262144,all_128x2048,13.707493749931906,884223.2272949219,337755,165,2048
llama2_7b,c4,2,fand,0.5,262144,all_128x2048,15.308547310035273,921534.5654296875,337755,165,2048
llama2_7b,c4,2,slimllm,0.5,262144,all_128x2048,14.0844053572681,893385.00390625,337755,165,2048
llama2_7b,c4,2,wanda,0.5,262144,all_128x2048,14.503508991516028,903288.8037109375,337755,165,2048
llama2_7b,c4,3,fc_ls,0.2,262144,all_128x2048,6.722105854231915,643558.8757324219,337755,165,2048
llama2_7b,c4,3,flap,0.2,262144,all_128x2048,6.761106026876187,645512.79296875,337755,165,2048
llama2_7b,c4,3,sobp,0.2,262144,all_128x2048,6.8855046212560165,651670.7192382812,337755,165,2048
llama2_7b,c4,3,fand,0.2,262144,all_128x2048,6.777105637614698,646311.1186523438,337755,165,2048
llama2_7b,c4,3,slimllm,0.2,262144,all_128x2048,6.507319999957919,632590.6943359375,337755,165,2048
llama2_7b,c4,3,wanda,0.2,262144,all_128x2048,6.826629525340955,648770.2983398438,337755,165,2048
llama2_7b,c4,3,fc_ls,0.3,262144,all_128x2048,7.862328454814597,696478.77734375,337755,165,2048
llama2_7b,c4,3,flap,0.3,262144,all_128x2048,7.984335736472912,701679.7941894531,337755,165,2048
llama2_7b,c4,3,sobp,0.3,262144,all_128x2048,8.003260826612609,702479.419921875,337755,165,2048
llama2_7b,c4,3,fand,0.3,262144,all_128x2048,8.124694340792301,707565.6879882812,337755,165,2048
llama2_7b,c4,3,slimllm,0.3,262144,all_128x2048,7.599813895952039,685008.9404296875,337755,165,2048
llama2_7b,c4,3,wanda,0.3,262144,all_128x2048,8.142380622761607,708300.1325683594,337755,165,2048
llama2_7b,c4,3,fc_ls,0.4,262144,all_128x2048,9.688710615661178,767028.5520019531,337755,165,2048
llama2_7b,c4,3,flap,0.4,262144,all_128x2048,9.972002487931382,776762.671875,337755,165,2048
llama2_7b,c4,3,sobp,0.4,262144,all_128x2048,9.713639892348565,767896.4873046875,337755,165,2048
llama2_7b,c4,3,fand,0.4,262144,all_128x2048,10.46923912722002,793197.8083496094,337755,165,2048
llama2_7b,c4,3,slimllm,0.4,262144,all_128x2048,9.760398718952748,769518.4475097656,337755,165,2048
llama2_7b,c4,3,wanda,0.4,262144,all_128x2048,10.366408143648325,789863.9104003906,337755,165,2048
llama2_7b,c4,3,fc_ls,0.5,262144,all_128x2048,13.226265476465956,872152.5354003906,337755,165,2048
llama2_7b,c4,3,flap,0.5,262144,all_128x2048,13.989654317130492,891105.1228027344,337755,165,2048
llama2_7b,c4,3,sobp,0.5,262144,all_128x2048,12.918402939563704,864197.8032226562,337755,165,2048
llama2_7b,c4,3,fand,0.5,262144,all_128x2048,14.70327468751517,907909.1628417969,337755,165,2048
llama2_7b,c4,3,slimllm,0.5,262144,all_128x2048,14.078470131588162,893242.642578125,337755,165,2048
llama2_7b,c4,3,wanda,0.5,262144,all_128x2048,14.921620897272687,912888.0063476562,337755,165,2048
llama2_7b,c4,4,fc_ls,0.2,262144,all_128x2048,6.716990341598603,643301.7468261719,337755,165,2048
llama2_7b,c4,4,flap,0.2,262144,all_128x2048,6.730688214681783,643989.8249511719,337755,165,2048
llama2_7b,c4,4,sobp,0.2,262144,all_128x2048,6.922731337403124,653491.8845214844,337755,165,2048
llama2_7b,c4,4,fand,0.2,262144,all_128x2048,6.765972220470718,645755.7990722656,337755,165,2048
llama2_7b,c4,4,slimllm,0.2,262144,all_128x2048,6.501457301060948,632286.2604980469,337755,165,2048
llama2_7b,c4,4,wanda,0.2,262144,all_128x2048,6.81211834599357,648051.5776367188,337755,165,2048
llama2_7b,c4,4,fc_ls,0.3,262144,all_128x2048,7.909626376328848,698504.544921875,337755,165,2048
llama2_7b,c4,4,flap,0.3,262144,all_128x2048,8.018917474846408,703139.5190429688,337755,165,2048
llama2_7b,c4,4,sobp,0.3,262144,all_128x2048,8.014985406628753,702973.8605957031,337755,165,2048
llama2_7b,c4,4,fand,0.3,262144,all_128x2048,8.10504964183697,706748.0412597656,337755,165,2048
llama2_7b,c4,4,slimllm,0.3,262144,all_128x2048,7.593361578429295,684722.0612792969,337755,165,2048
llama2_7b,c4,4,wanda,0.3,262144,all_128x2048,8.144258405735629,708378.0161132812,337755,165,2048
llama2_7b,c4,4,fc_ls,0.4,262144,all_128x2048,9.928823115655034,775296.9968261719,337755,165,2048
llama2_7b,c4,4,flap,0.4,262144,all_128x2048,10.225869904637948,785253.6162109375,337755,165,2048
llama2_7b,c4,4,sobp,0.4,262144,all_128x2048,9.829959436192146,771917.0334472656,337755,165,2048
llama2_7b,c4,4,fand,0.4,262144,all_128x2048,10.40253571999473,791038.9611816406,337755,165,2048
llama2_7b,c4,4,slimllm,0.4,262144,all_128x2048,9.76221844523665,769581.4125976562,337755,165,2048
llama2_7b,c4,4,wanda,0.4,262144,all_128x2048,10.587098034777723,796978.888671875,337755,165,2048
llama2_7b,c4,4,fc_ls,0.5,262144,all_128x2048,12.990764820231004,866084.4443359375,337755,165,2048
llama2_7b,c4,4,flap,0.5,262144,all_128x2048,13.578000027001838,881017.3127441406,337755,165,2048
llama2_7b,c4,4,sobp,0.5,262144,all_128x2048,13.514473918428417,879433.3820800781,337755,165,2048
llama2_7b,c4,4,fand,0.5,262144,all_128x2048,14.686927918415353,907533.4455566406,337755,165,2048
llama2_7b,c4,4,slimllm,0.5,262144,all_128x2048,14.205482262017588,896276.11328125,337755,165,2048
llama2_7b,c4,4,wanda,0.5,262144,all_128x2048,14.356029943538223,899836.7583007812,337755,165,2048
llama2_7b,c4,5,fc_ls,0.2,262144,all_128x2048,6.695348738537481,642211.7705078125,337755,165,2048
llama2_7b,c4,5,flap,0.2,262144,all_128x2048,6.714301295932749,643166.5046386719,337755,165,2048
llama2_7b,c4,5,sobp,0.2,262144,all_128x2048,6.988153920476673,656668.81640625,337755,165,2048
llama2_7b,c4,5,fand,0.2,262144,all_128x2048,6.786194088240658,646763.7622070312,337755,165,2048
llama2_7b,c4,5,slimllm,0.2,262144,all_128x2048,6.514868629915622,632982.2702636719,337755,165,2048
llama2_7b,c4,5,wanda,0.2,262144,all_128x2048,6.712937015336287,643097.869140625,337755,165,2048
llama2_7b,c4,5,fc_ls,0.3,262144,all_128x2048,8.035987772803526,703857.751953125,337755,165,2048
llama2_7b,c4,5,flap,0.3,262144,all_128x2048,8.110635726936664,706980.7453613281,337755,165,2048
llama2_7b,c4,5,sobp,0.3,262144,all_128x2048,8.097075271320765,706415.568359375,337755,165,2048
llama2_7b,c4,5,fand,0.3,262144,all_128x2048,8.126678086284477,707648.1450195312,337755,165,2048
llama2_7b,c4,5,slimllm,0.3,262144,all_128x2048,7.603272657214441,685162.6215820312,337755,165,2048
llama2_7b,c4,5,wanda,0.3,262144,all_128x2048,8.21704230991647,711383.0693359375,337755,165,2048
llama2_7b,c4,5,fc_ls,0.4,262144,all_128x2048,9.944763230047693,775838.8068847656,337755,165,2048
llama2_7b,c4,5,flap,0.4,262144,all_128x2048,10.308635226925185,787976.3068847656,337755,165,2048
llama2_7b,c4,5,sobp,0.4,262144,all_128x2048,10.306011764413917,787890.3400878906,337755,165,2048
llama2_7b,c4,5,fand,0.4,262144,all_128x2048,10.483950057994404,793672.07421875,337755,165,2048
llama2_7b,c4,5,slimllm,0.4,262144,all_128x2048,9.749189951753761,769130.3493652344,337755,165,2048
llama2_7b,c4,5,wanda,0.4,262144,all_128x2048,10.589991942454386,797071.1989746094,337755,165,2048
llama2_7b,c4,5,fc_ls,0.5,262144,all_128x2048,13.052322134327431,867681.1313476562,337755,165,2048
llama2_7b,c4,5,flap,0.5,262144,all_128x2048,13.715612791754078,884423.22265625,337755,165,2048
llama2_7b,c4,5,sobp,0.5,262144,all_128x2048,13.817489850190777,886922.7333984375,337755,165,2048
llama2_7b,c4,5,fand,0.5,262144,all_128x2048,15.33991986163381,922226.0349121094,337755,165,2048
llama2_7b,c4,5,slimllm,0.5,262144,all_128x2048,14.118386165646175,894198.9086914062,337755,165,2048
llama2_7b,c4,5,wanda,0.5,262144,all_128x2048,14.456830668822075,902200.0146484375,337755,165,2048
llama2_7b,c4,6,fc_ls,0.2,262144,all_128x2048,6.704503784958239,642673.2924804688,337755,165,2048
llama2_7b,c4,6,flap,0.2,262144,all_128x2048,6.728110807205428,643860.4624023438,337755,165,2048
llama2_7b,c4,6,sobp,0.2,262144,all_128x2048,6.91109550492043,652923.703125,337755,165,2048
llama2_7b,c4,6,fand,0.2,262144,all_128x2048,6.751115339799354,645013.3332519531,337755,165,2048
llama2_7b,c4,6,slimllm,0.2,262144,all_128x2048,6.502620011863028,632346.6586914062,337755,165,2048
llama2_7b,c4,6,wanda,0.2,262144,all_128x2048,6.763521885309562,645633.45703125,337755,165,2048
llama2_7b,c4,6,fc_ls,0.3,262144,all_128x2048,7.778888512756783,692875.154296875,337755,165,2048
llama2_7b,c4,6,flap,0.3,262144,all_128x2048,7.882924994340547,697362.419921875,337755,165,2048
llama2_7b,c4,6,sobp,0.3,262144,all_128x2048,7.938549285696549,699737.3515625,337755,165,2048
llama2_7b,c4,6,fand,0.3,262144,all_128x2048,8.123289559013566,707507.2841796875,337755,165,2048
llama2_7b,c4,6,slimllm,0.3,262144,all_128x2048,7.601937182853737,685103.2915039062,337755,165,2048
llama2_7b,c4,6,wanda,0.3,262144,all_128x2048,8.061169860072509,704914.5078125,337755,165,2048
llama2_7b,c4,6,fc_ls,0.4,262144,all_128x2048,9.558251911382584,762449.7770996094,337755,165,2048
llama2_7b,c4,6,flap,0.4,262144,all_128x2048,9.821577581306595,771628.912109375,337755,165,2048
llama2_7b,c4,6,sobp,0.4,262144,all_128x2048,9.60938959071389,764251.9860839844,337755,165,2048
llama2_7b,c4,6,fand,0.4,262144,all_128x2048,10.288070150171693,787301.833984375,337755,165,2048
llama2_7b,c4,6,slimllm,0.4,262144,all_128x2048,9.738835465485414,768771.43359375,337755,165,2048
llama2_7b,c4,6,wanda,0.4,262144,all_128x2048,10.271388496663969,786753.7346191406,337755,165,2048
llama2_7b,c4,6,fc_ls,0.5,262144,all_128x2048,12.615130793225765,856174.1193847656,337755,165,2048
llama2_7b,c4,6,flap,0.5,262144,all_128x2048,13.38375699523613,876150.5905761719,337755,165,2048
llama2_7b,c4,6,sobp,0.5,262144,all_128x2048,12.289076577796944,847329.6110839844,337755,165,2048
llama2_7b,c4,6,fand,0.5,262144,all_128x2048,14.630188308908986,906226.0788574219,337755,165,2048
llama2_7b,c4,6,slimllm,0.5,262144,all_128x2048,14.286111891185222,898187.7741699219,337755,165,2048
llama2_7b,c4,6,wanda,0.5,262144,all_128x2048,14.16148173010497,895228.3161621094,337755,165,2048
llama2_7b,c4,7,fc_ls,0.2,262144,all_128x2048,6.7199200503723455,643449.03125,337755,165,2048
llama2_7b,c4,7,flap,0.2,262144,all_128x2048,6.7609239828458305,645503.6987304688,337755,165,2048
llama2_7b,c4,7,sobp,0.2,262144,all_128x2048,6.830470789444522,648960.2956542969,337755,165,2048
llama2_7b,c4,7,fand,0.2,262144,all_128x2048,6.654256718776654,640132.4462890625,337755,165,2048
llama2_7b,c4,7,slimllm,0.2,262144,all_128x2048,6.48985483619443,631682.9663085938,337755,165,2048
llama2_7b,c4,7,wanda,0.2,262144,all_128x2048,6.728707449179869,643890.4128417969,337755,165,2048
llama2_7b,c4,7,fc_ls,0.3,262144,all_128x2048,7.7602040993805605,692062.9116210938,337755,165,2048
llama2_7b,c4,7,flap,0.3,262144,all_128x2048,7.903529151811053,698244.0822753906,337755,165,2048
llama2_7b,c4,7,sobp,0.3,262144,all_128x2048,7.977762451778593,701401.615234375,337755,165,2048
llama2_7b,c4,7,fand,0.3,262144,all_128x2048,8.01668143615574,703045.3244628906,337755,165,2048
llama2_7b,c4,7,slimllm,0.3,262144,all_128x2048,7.55187358375555,682871.6030273438,337755,165,2048
llama2_7b,c4,7,wanda,0.3,262144,all_128x2048,8.005333979432676,702566.9001464844,337755,165,2048
llama2_7b,c4,7,fc_ls,0.4,262144,all_128x2048,9.588358867116291,763511.9790039062,337755,165,2048
llama2_7b,c4,7,flap,0.4,262144,all_128x2048,10.008836648000099,778007.9584960938,337755,165,2048
llama2_7b,c4,7,sobp,0.4,262144,all_128x2048,9.701205284803635,767463.8439941406,337755,165,2048
llama2_7b,c4,7,fand,0.4,262144,all_128x2048,10.311686255200483,788076.2568359375,337755,165,2048
llama2_7b,c4,7,slimllm,0.4,262144,all_128x2048,9.73492588243622,768635.8171386719,337755,165,2048
llama2_7b,c4,7,wanda,0.4,262144,all_128x2048,10.458476805549468,792850.4194335938,337755,165,2048
llama2_7b,c4,7,fc_ls,0.5,262144,all_128x2048,12.467712673052883,852203.9331054688,337755,165,2048
llama2_7b,c4,7,flap,0.5,262144,all_128x2048,13.167591049036245,870650.8515625,337755,165,2048
llama2_7b,c4,7,sobp,0.5,262144,all_128x2048,12.891573414200087,863495.6088867188,337755,165,2048
llama2_7b,c4,7,fand,0.5,262144,all_128x2048,14.492882346979357,903041.2416992188,337755,165,2048
llama2_7b,c4,7,slimllm,0.5,262144,all_128x2048,14.173133458384084,895506.0986328125,337755,165,2048
llama2_7b,c4,7,wanda,0.5,262144,all_128x2048,14.007207857900433,891528.6557617188,337755,165,2048
llama2_7b,c4,8,fc_ls,0.2,262144,all_128x2048,6.758923053151448,645403.7236328125,337755,165,2048
llama2_7b,c4,8,flap,0.2,262144,all_128x2048,6.788665155178762,646886.7270507812,337755,165,2048
llama2_7b,c4,8,sobp,0.2,262144,all_128x2048,6.881901655493263,651493.9365234375,337755,165,2048
llama2_7b,c4,8,fand,0.2,262144,all_128x2048,6.7532811570694875,645121.6706542969,337755,165,2048
llama2_7b,c4,8,slimllm,0.2,262144,all_128x2048,6.534704436298931,634009.0698242188,337755,165,2048
llama2_7b,c4,8,wanda,0.2,262144,all_128x2048,6.808511427063771,647872.6938476562,337755,165,2048
llama2_7b,c4,8,fc_ls,0.3,262144,all_128x2048,7.934931719403606,699583.4028320312,337755,165,2048
llama2_7b,c4,8,flap,0.3,262144,all_128x2048,8.052797477295853,704563.5310058594,337755,165,2048
llama2_7b,c4,8,sobp,0.3,262144,all_128x2048,8.005724602444268,702583.3806152344,337755,165,2048
llama2_7b,c4,8,fand,0.3,262144,all_128x2048,8.136448837239117,708053.9858398438,337755,165,2048
llama2_7b,c4,8,slimllm,0.3,262144,all_128x2048,7.623726010418527,686069.9870605469,337755,165,2048
llama2_7b,c4,8,wanda,0.3,262144,all_128x2048,8.19851008842973,710620.4567871094,337755,165,2048
llama2_7b,c4,8,fc_ls,0.4,262144,all_128x2048,9.664150610563784,766171.2866210938,337755,165,2048
llama2_7b,c4,8,flap,0.4,262144,all_128x2048,9.973179135075382,776802.5229492188,337755,165,2048
llama2_7b,c4,8,sobp,0.4,262144,all_128x2048,9.646812617617288,765564.7922363281,337755,165,2048
llama2_7b,c4,8,fand,0.4,262144,all_128x2048,10.382194441430368,790377.86328125,337755,165,2048
llama2_7b,c4,8,slimllm,0.4,262144,all_128x2048,9.737630410225492,768729.6381835938,337755,165,2048
llama2_7b,c4,8,wanda,0.4,262144,all_128x2048,10.379807443266754,790300.2001953125,337755,165,2048
llama2_7b,c4,8,fc_ls,0.5,262144,all_128x2048,13.11908272029823,869404.2922363281,337755,165,2048
llama2_7b,c4,8,flap,0.5,262144,all_128x2048,13.794375322062807,886357.2482910156,337755,165,2048
llama2_7b,c4,8,sobp,0.5,262144,all_128x2048,13.735140402986218,884903.7595214844,337755,165,2048
llama2_7b,c4,8,fand,0.5,262144,all_128x2048,14.300759917668715,898533.908203125,337755,165,2048
llama2_7b,c4,8,slimllm,0.5,262144,all_128x2048,14.052863436477299,892627.755859375,337755,165,2048
llama2_7b,c4,8,wanda,0.5,262144,all_128x2048,14.741426857402166,908784.4370117188,337755,165,2048
llama2_7b,c4,9,fc_ls,0.2,262144,all_128x2048,6.816820079872981,648284.6162109375,337755,165,2048
llama2_7b,c4,9,flap,0.2,262144,all_128x2048,6.856820279967222,650260.7258300781,337755,165,2048
llama2_7b,c4,9,sobp,0.2,262144,all_128x2048,7.1572919310690315,664746.3181152344,337755,165,2048
llama2_7b,c4,9,fand,0.2,262144,all_128x2048,6.850728974700799,649960.5454101562,337755,165,2048
llama2_7b,c4,9,slimllm,0.2,262144,all_128x2048,6.500165732751926,632219.1560058594,337755,165,2048
llama2_7b,c4,9,wanda,0.2,262144,all_128x2048,6.890593333454471,651920.2438964844,337755,165,2048
llama2_7b,c4,9,fc_ls,0.3,262144,all_128x2048,7.996613390227163,702198.7670898438,337755,165,2048
llama2_7b,c4,9,flap,0.3,262144,all_128x2048,8.177819419154984,709766.9833984375,337755,165,2048
llama2_7b,c4,9,sobp,0.3,262144,all_128x2048,8.279330201681598,713933.7084960938,337755,165,2048
llama2_7b,c4,9,fand,0.3,262144,all_128x2048,8.151060663688176,708659.9985351562,337755,165,2048
llama2_7b,c4,9,slimllm,0.3,262144,all_128x2048,7.57914325089082,684089.0329589844,337755,165,2048
llama2_7b,c4,9,wanda,0.3,262144,all_128x2048,8.28182230323763,714035.3583984375,337755,165,2048
llama2_7b,c4,9,fc_ls,0.4,262144,all_128x2048,10.166117863923724,783274.2497558594,337755,165,2048
llama2_7b,c4,9,flap,0.4,262144,all_128x2048,10.409619763730502,791268.8913574219,337755,165,2048
llama2_7b,c4,9,sobp,0.4,262144,all_128x2048,10.380160616983012,790311.6921386719,337755,165,2048
llama2_7b,c4,9,fand,0.4,262144,all_128x2048,10.691806521654554,800302.94140625,337755,165,2048
llama2_7b,c4,9,slimllm,0.4,262144,all_128x2048,9.85208928261775,772676.5549316406,337755,165,2048
llama2_7b,c4,9,wanda,0.4,262144,all_128x2048,10.705607864554024,800738.6457519531,337755,165,2048
llama2_7b,c4,9,fc_ls,0.5,262144,all_128x2048,13.726013803313485,884679.2565917969,337755,165,2048
llama2_7b,c4,9,flap,0.5,262144,all_128x2048,14.53891302321456,904112.2814941406,337755,165,2048
llama2_7b,c4,9,sobp,0.5,262144,all_128x2048,13.763283769610082,885595.1130371094,337755,165,2048
llama2_7b,c4,9,fand,0.5,262144,all_128x2048,15.15492757334194,918128.107421875,337755,165,2048
llama2_7b,c4,9,slimllm,0.5,262144,all_128x2048,14.237884603571832,897045.646484375,337755,165,2048
llama2_7b,c4,9,wanda,0.5,262144,all_128x2048,14.942946086396429,913370.36328125,337755,165,2048
llama2_7b,wiki_train,0,fc_ls,0.2,262144,all_128x2048,6.123293606331318,612045.876953125,337755,165,2048
llama2_7b,wiki_train,0,flap,0.2,262144,all_128x2048,6.23045039353808,617905.4201660156,337755,165,2048
llama2_7b,wiki_train,0,sobp,0.2,262144,all_128x2048,6.196291090751461,616048.5368652344,337755,165,2048
llama2_7b,wiki_train,0,fand,0.2,262144,all_128x2048,6.292022516391976,621226.8823242188,337755,165,2048
llama2_7b,wiki_train,0,slimllm,0.2,262144,all_128x2048,6.36374720649162,625055.2756347656,337755,165,2048
llama2_7b,wiki_train,0,wanda,0.2,262144,all_128x2048,6.335124996240492,623532.7292480469,337755,165,2048
llama2_7b,wiki_train,0,fc_ls,0.3,262144,all_128x2048,6.707187845016144,642808.4812011719,337755,165,2048
llama2_7b,wiki_train,0,flap,0.3,262144,all_128x2048,6.9375857646801355,654215.8447265625,337755,165,2048
llama2_7b,wiki_train,0,sobp,0.3,262144,all_128x2048,6.754030806354396,645159.1611328125,337755,165,2048
llama2_7b,wiki_train,0,fand,0.3,262144,all_128x2048,7.203364059495597,666913.5095214844,337755,165,2048
llama2_7b,wiki_train,0,slimllm,0.3,262144,all_128x2048,7.2495855007651375,669073.8403320312,337755,165,2048
llama2_7b,wiki_train,0,wanda,0.3,262144,all_128x2048,7.114734622008834,662732.0300292969,337755,165,2048
llama2_7b,wiki_train,0,fc_ls,0.4,262144,all_128x2048,7.629375088069414,686320.1662597656,337755,165,2048
llama2_7b,wiki_train,0,flap,0.4,262144,all_128x2048,8.265919236498526,713386.1650390625,337755,165,2048
llama2_7b,wiki_train,0,sobp,0.4,262144,all_128x2048,7.55942156016725,683209.0151367188,337755,165,2048
llama2_7b,wiki_train,0,fand,0.4,262144,all_128x2048,8.885747501432393,737808.4331054688,337755,165,2048
llama2_7b,wiki_train,0,slimllm,0.4,262144,all_128x2048,9.053597533970844,744129.0476074219,337755,165,2048
llama2_7b,wiki_train,0,wanda,0.4,262144,all_128x2048,8.557590201460286,725098.7270507812,337755,165,2048
llama2_7b,wiki_train,0,fc_ls,0.5,262144,all_128x2048,9.13164709664271,747028.2983398438,337755,165,2048
llama2_7b,wiki_train,0,flap,0.5,262144,all_128x2048,10.502285045186303,794262.2453613281,337755,165,2048
llama2_7b,wiki_train,0,sobp,0.5,262144,all_128x2048,8.811157796027459,734961.2465820312,337755,165,2048
llama2_7b,wiki_train,0,fand,0.5,262144,all_128x2048,12.213006428515365,845232.3889160156,337755,165,2048
llama2_7b,wiki_train,0,slimllm,0.5,262144,all_128x2048,13.215241926731538,871870.9130859375,337755,165,2048
llama2_7b,wiki_train,0,wanda,0.5,262144,all_128x2048,11.104095895050678,813082.353515625,337755,165,2048
llama2_7b,wiki_train,1,fc_ls,0.2,262144,all_128x2048,6.1332240764903965,612593.1884765625,337755,165,2048
llama2_7b,wiki_train,1,flap,0.2,262144,all_128x2048,6.229667810872125,617862.9934082031,337755,165,2048
llama2_7b,wiki_train,1,sobp,0.2,262144,all_128x2048,6.174142495471784,614839.0712890625,337755,165,2048
llama2_7b,wiki_train,1,fand,0.2,262144,all_128x2048,6.312771134969497,622338.8332519531,337755,165,2048
llama2_7b,wiki_train,1,slimllm,0.2,262144,all_128x2048,6.358560573084345,624779.8835449219,337755,165,2048
llama2_7b,wiki_train,1,wanda,0.2,262144,all_128x2048,6.320814018869539,622768.8813476562,337755,165,2048
llama2_7b,wiki_train,1,fc_ls,0.3,262144,all_128x2048,6.720174761805211,643461.8332519531,337755,165,2048
llama2_7b,wiki_train,1,flap,0.3,262144,all_128x2048,6.954645799845896,655045.3896484375,337755,165,2048
llama2_7b,wiki_train,1,sobp,0.3,262144,all_128x2048,6.704162124061334,642656.080078125,337755,165,2048
llama2_7b,wiki_train,1,fand,0.3,262144,all_128x2048,7.299466156838772,671389.7998046875,337755,165,2048
llama2_7b,wiki_train,1,slimllm,0.3,262144,all_128x2048,7.23948321042123,668602.8508300781,337755,165,2048
llama2_7b,wiki_train,1,wanda,0.3,262144,all_128x2048,7.112320198565415,662617.3916015625,337755,165,2048
llama2_7b,wiki_train,1,fc_ls,0.4,262144,all_128x2048,7.655162986795082,687459.8801269531,337755,165,2048
llama2_7b,wiki_train,1,flap,0.4,262144,all_128x2048,8.244009861289152,712489.7341308594,337755,165,2048
llama2_7b,wiki_train,1,sobp,0.4,262144,all_128x2048,7.542083002151369,682433.4384765625,337755,165,2048
llama2_7b,wiki_train,1,fand,0.4,262144,all_128x2048,9.003983947366674,742273.0649414062,337755,165,2048
llama2_7b,wiki_train,1,slimllm,0.4,262144,all_128x2048,9.086376737638464,745349.7055664062,337755,165,2048
llama2_7b,wiki_train,1,wanda,0.4,262144,all_128x2048,8.519951990619196,723609.9279785156,337755,165,2048
llama2_7b,wiki_train,1,fc_ls,0.5,262144,all_128x2048,9.309867423296586,753556.6862792969,337755,165,2048
llama2_7b,wiki_train,1,flap,0.5,262144,all_128x2048,10.571564356097415,796482.9614257812,337755,165,2048
llama2_7b,wiki_train,1,sobp,0.5,262144,all_128x2048,8.797584591939293,734440.5485839844,337755,165,2048
llama2_7b,wiki_train,1,fand,0.5,262144,all_128x2048,12.294563702939072,847480.3864746094,337755,165,2048
llama2_7b,wiki_train,1,slimllm,0.5,262144,all_128x2048,13.335244721470241,874924.1015625,337755,165,2048
llama2_7b,wiki_train,1,wanda,0.5,262144,all_128x2048,11.195682245624901,815856.7238769531,337755,165,2048
llama2_7b,wiki_train,2,fc_ls,0.2,262144,all_128x2048,6.117075236679088,611702.7033691406,337755,165,2048
llama2_7b,wiki_train,2,flap,0.2,262144,all_128x2048,6.215991044714608,617120.6625976562,337755,165,2048
llama2_7b,wiki_train,2,sobp,0.2,262144,all_128x2048,6.145204594578773,613252.3088378906,337755,165,2048
llama2_7b,wiki_train,2,fand,0.2,262144,all_128x2048,6.301426817075106,621731.3271484375,337755,165,2048
llama2_7b,wiki_train,2,slimllm,0.2,262144,all_128x2048,6.357388632083184,624717.6264648438,337755,165,2048
llama2_7b,wiki_train,2,wanda,0.2,262144,all_128x2048,6.296705082910832,621478.1484375,337755,165,2048
llama2_7b,wiki_train,2,fc_ls,0.3,262144,all_128x2048,6.696683987943397,642279.1220703125,337755,165,2048
llama2_7b,wiki_train,2,flap,0.3,262144,all_128x2048,6.93436264083842,654058.8911132812,337755,165,2048
llama2_7b,wiki_train,2,sobp,0.3,262144,all_128x2048,6.666739894977702,640765.4704589844,337755,165,2048
llama2_7b,wiki_train,2,fand,0.3,262144,all_128x2048,7.288770390532985,670894.5310058594,337755,165,2048
llama2_7b,wiki_train,2,slimllm,0.3,262144,all_128x2048,7.236502560192021,668463.7612304688,337755,165,2048
llama2_7b,wiki_train,2,wanda,0.3,262144,all_128x2048,7.105577962541281,662297.0595703125,337755,165,2048
llama2_7b,wiki_train,2,fc_ls,0.4,262144,all_128x2048,7.590360403886641,684588.5417480469,337755,165,2048
llama2_7b,wiki_train,2,flap,0.4,262144,all_128x2048,8.234281360633096,712090.9245605469,337755,165,2048
llama2_7b,wiki_train,2,sobp,0.4,262144,all_128x2048,7.480951280281683,679684.6384277344,337755,165,2048
llama2_7b,wiki_train,2,fand,0.4,262144,all_128x2048,8.965164595167712,740813.7358398438,337755,165,2048
llama2_7b,wiki_train,2,slimllm,0.4,262144,all_128x2048,9.047821471242308,743913.49609375,337755,165,2048
llama2_7b,wiki_train,2,wanda,0.4,262144,all_128x2048,8.512940442954177,723331.8559570312,337755,165,2048
llama2_7b,wiki_train,2,fc_ls,0.5,262144,all_128x2048,9.207508541938592,749822.6176757812,337755,165,2048
llama2_7b,wiki_train,2,flap,0.5,262144,all_128x2048,10.58599090638319,796943.5666503906,337755,165,2048
llama2_7b,wiki_train,2,sobp,0.5,262144,all_128x2048,8.735309228999098,732041.1838378906,337755,165,2048
llama2_7b,wiki_train,2,fand,0.5,262144,all_128x2048,12.677260799935087,857833.4929199219,337755,165,2048
llama2_7b,wiki_train,2,slimllm,0.5,262144,all_128x2048,13.181132978548034,870998.0300292969,337755,165,2048
llama2_7b,wiki_train,2,wanda,0.5,262144,all_128x2048,11.186502423698624,815579.6704101562,337755,165,2048
llama2_7b,wiki_train,3,fc_ls,0.2,262144,all_128x2048,6.142078401442733,613080.4421386719,337755,165,2048
llama2_7b,wiki_train,3,flap,0.2,262144,all_128x2048,6.23538873066634,618173.0231933594,337755,165,2048
llama2_7b,wiki_train,3,sobp,0.2,262144,all_128x2048,6.18664496229489,615522.32421875,337755,165,2048
llama2_7b,wiki_train,3,fand,0.2,262144,all_128x2048,6.302232381282338,621774.5024414062,337755,165,2048
llama2_7b,wiki_train,3,slimllm,0.2,262144,all_128x2048,6.362712885988735,625000.3747558594,337755,165,2048
llama2_7b,wiki_train,3,wanda,0.2,262144,all_128x2048,6.316121837435061,622518.0598144531,337755,165,2048
llama2_7b,wiki_train,3,fc_ls,0.3,262144,all_128x2048,6.743427132245069,644628.4768066406,337755,165,2048
llama2_7b,wiki_train,3,flap,0.3,262144,all_128x2048,6.971653782324459,655870.3803710938,337755,165,2048
llama2_7b,wiki_train,3,sobp,0.3,262144,all_128x2048,6.735274339889954,644219.8845214844,337755,165,2048
llama2_7b,wiki_train,3,fand,0.3,262144,all_128x2048,7.221102513827562,667744.216796875,337755,165,2048
llama2_7b,wiki_train,3,slimllm,0.3,262144,all_128x2048,7.254098728213074,669284.0441894531,337755,165,2048
llama2_7b,wiki_train,3,wanda,0.3,262144,all_128x2048,7.1272609230865465,663326.1633300781,337755,165,2048
llama2_7b,wiki_train,3,fc_ls,0.4,262144,all_128x2048,7.711791770310046,689949.2141113281,337755,165,2048
llama2_7b,wiki_train,3,flap,0.4,262144,all_128x2048,8.307139956496462,715066.3054199219,337755,165,2048
llama2_7b,wiki_train,3,sobp,0.4,262144,all_128x2048,7.527212065777357,681766.8200683594,337755,165,2048
llama2_7b,wiki_train,3,fand,0.4,262144,all_128x2048,8.892638402429826,738070.2607421875,337755,165,2048
llama2_7b,wiki_train,3,slimllm,0.4,262144,all_128x2048,9.050516590013148,744014.08984375,337755,165,2048
llama2_7b,wiki_train,3,wanda,0.4,262144,all_128x2048,8.572915042956906,725703.0341796875,337755,165,2048
llama2_7b,wiki_train,3,fc_ls,0.5,262144,all_128x2048,9.366763035505995,755614.5346679688,337755,165,2048
llama2_7b,wiki_train,3,flap,0.5,262144,all_128x2048,10.617829539449097,797957.8806152344,337755,165,2048
llama2_7b,wiki_train,3,sobp,0.5,262144,all_128x2048,8.901542576177684,738408.2846679688,337755,165,2048
llama2_7b,wiki_train,3,fand,0.5,262144,all_128x2048,12.284831737748515,847212.9250488281,337755,165,2048
llama2_7b,wiki_train,3,slimllm,0.5,262144,all_128x2048,13.28411398644726,873626.5734863281,337755,165,2048
llama2_7b,wiki_train,3,wanda,0.5,262144,all_128x2048,11.168369886874434,815031.7490234375,337755,165,2048
llama2_7b,wiki_train,4,fc_ls,0.2,262144,all_128x2048,6.1365371424477,612775.5888671875,337755,165,2048
llama2_7b,wiki_train,4,flap,0.2,262144,all_128x2048,6.236755727142201,618247.0617675781,337755,165,2048
llama2_7b,wiki_train,4,sobp,0.2,262144,all_128x2048,6.173682180262301,614813.8889160156,337755,165,2048
llama2_7b,wiki_train,4,fand,0.2,262144,all_128x2048,6.328889081162344,623200.0998535156,337755,165,2048
llama2_7b,wiki_train,4,slimllm,0.2,262144,all_128x2048,6.3558722702135135,624637.0556640625,337755,165,2048
llama2_7b,wiki_train,4,wanda,0.2,262144,all_128x2048,6.318335472207764,622636.4133300781,337755,165,2048
llama2_7b,wiki_train,4,fc_ls,0.3,262144,all_128x2048,6.748797808891525,644897.3684082031,337755,165,2048
llama2_7b,wiki_train,4,flap,0.3,262144,all_128x2048,6.980732378626303,656309.9240722656,337755,165,2048
llama2_7b,wiki_train,4,sobp,0.3,262144,all_128x2048,6.731900825647619,644050.669921875,337755,165,2048
llama2_7b,wiki_train,4,fand,0.3,262144,all_128x2048,7.31005586986243,671879.443359375,337755,165,2048
llama2_7b,wiki_train,4,slimllm,0.3,262144,all_128x2048,7.2507131839898005,669126.3745117188,337755,165,2048
llama2_7b,wiki_train,4,wanda,0.3,262144,all_128x2048,7.150714529869682,664435.7856445312,337755,165,2048
llama2_7b,wiki_train,4,fc_ls,0.4,262144,all_128x2048,7.726085906464239,690574.6779785156,337755,165,2048
llama2_7b,wiki_train,4,flap,0.4,262144,all_128x2048,8.345453410641875,716620.4877929688,337755,165,2048
llama2_7b,wiki_train,4,sobp,0.4,262144,all_128x2048,7.598077031935824,684931.7409667969,337755,165,2048
llama2_7b,wiki_train,4,fand,0.4,262144,all_128x2048,8.99260161758536,741845.8239746094,337755,165,2048
llama2_7b,wiki_train,4,slimllm,0.4,262144,all_128x2048,9.09900291039186,745818.7145996094,337755,165,2048
llama2_7b,wiki_train,4,wanda,0.4,262144,all_128x2048,8.582509233748826,726080.8139648438,337755,165,2048
llama2_7b,wiki_train,4,fc_ls,0.5,262144,all_128x2048,9.263507475276098,751870.5805664062,337755,165,2048
llama2_7b,wiki_train,4,flap,0.5,262144,all_128x2048,10.566090637434108,796308.0341796875,337755,165,2048
llama2_7b,wiki_train,4,sobp,0.5,262144,all_128x2048,8.887656809084229,737880.9997558594,337755,165,2048
llama2_7b,wiki_train,4,fand,0.5,262144,all_128x2048,12.23795337354389,845921.6018066406,337755,165,2048
llama2_7b,wiki_train,4,slimllm,0.5,262144,all_128x2048,13.29376475593594,873871.8598632812,337755,165,2048
llama2_7b,wiki_train,4,wanda,0.5,262144,all_128x2048,11.100851330774859,812983.6486816406,337755,165,2048
llama2_7b,wiki_train,5,fc_ls,0.2,262144,all_128x2048,6.124013827368865,612085.6013183594,337755,165,2048
llama2_7b,wiki_train,5,flap,0.2,262144,all_128x2048,6.221944851564555,617444.0166015625,337755,165,2048
llama2_7b,wiki_train,5,sobp,0.2,262144,all_128x2048,6.150910589435784,613565.7783203125,337755,165,2048
llama2_7b,wiki_train,5,fand,0.2,262144,all_128x2048,6.318904403756549,622666.8249511719,337755,165,2048
llama2_7b,wiki_train,5,slimllm,0.2,262144,all_128x2048,6.358333286827404,624767.8103027344,337755,165,2048
llama2_7b,wiki_train,5,wanda,0.2,262144,all_128x2048,6.302075356373143,621766.0869140625,337755,165,2048
llama2_7b,wiki_train,5,fc_ls,0.3,262144,all_128x2048,6.7002347689416295,642458.1623535156,337755,165,2048
llama2_7b,wiki_train,5,flap,0.3,262144,all_128x2048,6.952664519200475,654949.154296875,337755,165,2048
llama2_7b,wiki_train,5,sobp,0.3,262144,all_128x2048,6.724450061541614,643676.6408691406,337755,165,2048
llama2_7b,wiki_train,5,fand,0.3,262144,all_128x2048,7.224930213413119,667923.2036132812,337755,165,2048
llama2_7b,wiki_train,5,slimllm,0.3,262144,all_128x2048,7.253570862747972,669259.4655761719,337755,165,2048
llama2_7b,wiki_train,5,wanda,0.3,262144,all_128x2048,7.111136668990749,662561.1826171875,337755,165,2048
llama2_7b,wiki_train,5,fc_ls,0.4,262144,all_128x2048,7.593757085093274,684739.6530761719,337755,165,2048
llama2_7b,wiki_train,5,flap,0.4,262144,all_128x2048,8.224410425914522,711685.7941894531,337755,165,2048
llama2_7b,wiki_train,5,sobp,0.4,262144,all_128x2048,7.523033336527307,681579.2634277344,337755,165,2048
llama2_7b,wiki_train,5,fand,0.4,262144,all_128x2048,8.91220759360372,738812.7097167969,337755,165,2048
llama2_7b,wiki_train,5,slimllm,0.4,262144,all_128x2048,9.073491018805045,744870.3830566406,337755,165,2048
llama2_7b,wiki_train,5,wanda,0.4,262144,all_128x2048,8.509022964225617,723176.3923339844,337755,165,2048
llama2_7b,wiki_train,5,fc_ls,0.5,262144,all_128x2048,9.157220636177714,747972.8725585938,337755,165,2048
llama2_7b,wiki_train,5,flap,0.5,262144,all_128x2048,10.508733788197082,794469.57421875,337755,165,2048
llama2_7b,wiki_train,5,sobp,0.5,262144,all_128x2048,8.752418539108643,732702.0766601562,337755,165,2048
llama2_7b,wiki_train,5,fand,0.5,262144,all_128x2048,11.92831874057705,837266.0368652344,337755,165,2048
llama2_7b,wiki_train,5,slimllm,0.5,262144,all_128x2048,13.306264828769066,874189.3002929688,337755,165,2048
llama2_7b,wiki_train,5,wanda,0.5,262144,all_128x2048,11.084020655065661,812471.1691894531,337755,165,2048
llama2_7b,wiki_train,6,fc_ls,0.2,262144,all_128x2048,6.138574897239137,612887.7282714844,337755,165,2048
llama2_7b,wiki_train,6,flap,0.2,262144,all_128x2048,6.231530877610535,617963.9885253906,337755,165,2048
llama2_7b,wiki_train,6,sobp,0.2,262144,all_128x2048,6.199421364409732,616219.1225585938,337755,165,2048
llama2_7b,wiki_train,6,fand,0.2,262144,all_128x2048,6.311038875253816,622246.138671875,337755,165,2048
llama2_7b,wiki_train,6,slimllm,0.2,262144,all_128x2048,6.366894501948777,625222.2766113281,337755,165,2048
llama2_7b,wiki_train,6,wanda,0.2,262144,all_128x2048,6.32707260563078,623103.1457519531,337755,165,2048
llama2_7b,wiki_train,6,fc_ls,0.3,262144,all_128x2048,6.736448126025709,644278.7414550781,337755,165,2048
llama2_7b,wiki_train,6,flap,0.3,262144,all_128x2048,6.97243483885248,655908.2180175781,337755,165,2048
llama2_7b,wiki_train,6,sobp,0.3,262144,all_128x2048,6.776031541454318,646257.583984375,337755,165,2048
llama2_7b,wiki_train,6,fand,0.3,262144,all_128x2048,7.293221301694682,671100.7192382812,337755,165,2048
llama2_7b,wiki_train,6,slimllm,0.3,262144,all_128x2048,7.252895055557098,669227.9958496094,337755,165,2048
llama2_7b,wiki_train,6,wanda,0.3,262144,all_128x2048,7.130106708899006,663460.9958496094,337755,165,2048
llama2_7b,wiki_train,6,fc_ls,0.4,262144,all_128x2048,7.713245840533369,690012.8923339844,337755,165,2048
llama2_7b,wiki_train,6,flap,0.4,262144,all_128x2048,8.321631062974552,715654.9772949219,337755,165,2048
llama2_7b,wiki_train,6,sobp,0.4,262144,all_128x2048,7.577146177626315,684000.0241699219,337755,165,2048
llama2_7b,wiki_train,6,fand,0.4,262144,all_128x2048,9.073252425789828,744861.5014648438,337755,165,2048
llama2_7b,wiki_train,6,slimllm,0.4,262144,all_128x2048,9.113122109804268,746342.4130859375,337755,165,2048
llama2_7b,wiki_train,6,wanda,0.4,262144,all_128x2048,8.61544303988895,727374.4064941406,337755,165,2048
llama2_7b,wiki_train,6,fc_ls,0.5,262144,all_128x2048,9.290371607800314,752848.6511230469,337755,165,2048
llama2_7b,wiki_train,6,flap,0.5,262144,all_128x2048,10.691857328249318,800304.5463867188,337755,165,2048
llama2_7b,wiki_train,6,sobp,0.5,262144,all_128x2048,8.898127925888074,738278.6962890625,337755,165,2048
llama2_7b,wiki_train,6,fand,0.5,262144,all_128x2048,12.506769126285793,853260.3332519531,337755,165,2048
llama2_7b,wiki_train,6,slimllm,0.5,262144,all_128x2048,13.358870147998461,875521.9567871094,337755,165,2048
llama2_7b,wiki_train,6,wanda,0.5,262144,all_128x2048,11.297326703432224,818909.3308105469,337755,165,2048
llama2_7b,wiki_train,7,fc_ls,0.2,262144,all_128x2048,6.138576188455017,612887.7993164062,337755,165,2048
llama2_7b,wiki_train,7,flap,0.2,262144,all_128x2048,6.2464159222410105,618769.8103027344,337755,165,2048
llama2_7b,wiki_train,7,sobp,0.2,262144,all_128x2048,6.172409111970496,614744.2336425781,337755,165,2048
llama2_7b,wiki_train,7,fand,0.2,262144,all_128x2048,6.290272002070698,621132.9018554688,337755,165,2048
llama2_7b,wiki_train,7,slimllm,0.2,262144,all_128x2048,6.367688496171259,625264.3942871094,337755,165,2048
llama2_7b,wiki_train,7,wanda,0.2,262144,all_128x2048,6.341788151443392,623887.7863769531,337755,165,2048
llama2_7b,wiki_train,7,fc_ls,0.3,262144,all_128x2048,6.720637538751676,643485.0915527344,337755,165,2048
llama2_7b,wiki_train,7,flap,0.3,262144,all_128x2048,6.961883237973378,655396.6958007812,337755,165,2048
llama2_7b,wiki_train,7,sobp,0.3,262144,all_128x2048,6.694809050451964,642184.5441894531,337755,165,2048
llama2_7b,wiki_train,7,fand,0.3,262144,all_128x2048,7.201672428018204,666834.1821289062,337755,165,2048
llama2_7b,wiki_train,7,slimllm,0.3,262144,all_128x2048,7.252860118718693,669226.3688964844,337755,165,2048
llama2_7b,wiki_train,7,wanda,0.3,262144,all_128x2048,7.110172274439989,662515.3740234375,337755,165,2048
llama2_7b,wiki_train,7,fc_ls,0.4,262144,all_128x2048,7.638374868074801,686718.3547363281,337755,165,2048
llama2_7b,wiki_train,7,flap,0.4,262144,all_128x2048,8.242373788691665,712422.6979980469,337755,165,2048
llama2_7b,wiki_train,7,sobp,0.4,262144,all_128x2048,7.446528701625291,678126.9182128906,337755,165,2048
llama2_7b,wiki_train,7,fand,0.4,262144,all_128x2048,8.790873331450113,734182.79296875,337755,165,2048
llama2_7b,wiki_train,7,slimllm,0.4,262144,all_128x2048,9.088947588352578,745445.2546386719,337755,165,2048
llama2_7b,wiki_train,7,wanda,0.4,262144,all_128x2048,8.538189440768532,724332.1394042969,337755,165,2048
llama2_7b,wiki_train,7,fc_ls,0.5,262144,all_128x2048,9.139171323832201,747306.4846191406,337755,165,2048
llama2_7b,wiki_train,7,flap,0.5,262144,all_128x2048,10.473148562560135,793323.9096679688,337755,165,2048
llama2_7b,wiki_train,7,sobp,0.5,262144,all_128x2048,8.713769143643944,731207.2973632812,337755,165,2048
llama2_7b,wiki_train,7,fand,0.5,262144,all_128x2048,11.811292026588244,833936.0178222656,337755,165,2048
llama2_7b,wiki_train,7,slimllm,0.5,262144,all_128x2048,13.399296472961419,876542.5202636719,337755,165,2048
llama2_7b,wiki_train,7,wanda,0.5,262144,all_128x2048,11.04596434878795,811309.5126953125,337755,165,2048
llama2_7b,wiki_train,8,fc_ls,0.2,262144,all_128x2048,6.116097113962325,611648.6918945312,337755,165,2048
llama2_7b,wiki_train,8,flap,0.2,262144,all_128x2048,6.216990185160582,617174.9479980469,337755,165,2048
llama2_7b,wiki_train,8,sobp,0.2,262144,all_128x2048,6.1423393903099415,613094.7937011719,337755,165,2048
llama2_7b,wiki_train,8,fand,0.2,262144,all_128x2048,6.285847275951299,620895.2333984375,337755,165,2048
llama2_7b,wiki_train,8,slimllm,0.2,262144,all_128x2048,6.362863414395454,625008.365234375,337755,165,2048
llama2_7b,wiki_train,8,wanda,0.2,262144,all_128x2048,6.299216132970227,621612.8142089844,337755,165,2048
llama2_7b,wiki_train,8,fc_ls,0.3,262144,all_128x2048,6.691908583437072,642038.1831054688,337755,165,2048
llama2_7b,wiki_train,8,flap,0.3,262144,all_128x2048,6.9382496500015876,654248.1643066406,337755,165,2048
llama2_7b,wiki_train,8,sobp,0.3,262144,all_128x2048,6.6965653849199755,642273.1401367188,337755,165,2048
llama2_7b,wiki_train,8,fand,0.3,262144,all_128x2048,7.170964371410015,665390.9096679688,337755,165,2048
llama2_7b,wiki_train,8,slimllm,0.3,262144,all_128x2048,7.254324454149363,669294.5539550781,337755,165,2048
llama2_7b,wiki_train,8,wanda,0.3,262144,all_128x2048,7.102135881282408,662133.4047851562,337755,165,2048
llama2_7b,wiki_train,8,fc_ls,0.4,262144,all_128x2048,7.6142034490495965,685647.8439941406,337755,165,2048
llama2_7b,wiki_train,8,flap,0.4,262144,all_128x2048,8.238010624008627,712243.857421875,337755,165,2048
llama2_7b,wiki_train,8,sobp,0.4,262144,all_128x2048,7.516587326198767,681289.7385253906,337755,165,2048
llama2_7b,wiki_train,8,fand,0.4,262144,all_128x2048,8.768442571894273,733319.8771972656,337755,165,2048
llama2_7b,wiki_train,8,slimllm,0.4,262144,all_128x2048,9.084139270918282,745266.5251464844,337755,165,2048
llama2_7b,wiki_train,8,wanda,0.4,262144,all_128x2048,8.501956859826972,722895.7956542969,337755,165,2048
llama2_7b,wiki_train,8,fc_ls,0.5,262144,all_128x2048,9.195329652573385,749375.5690917969,337755,165,2048
llama2_7b,wiki_train,8,flap,0.5,262144,all_128x2048,10.505464282207964,794364.474609375,337755,165,2048
llama2_7b,wiki_train,8,sobp,0.5,262144,all_128x2048,8.73823155755138,732154.158203125,337755,165,2048
llama2_7b,wiki_train,8,fand,0.5,262144,all_128x2048,11.74692250806015,832090.2768554688,337755,165,2048
llama2_7b,wiki_train,8,slimllm,0.5,262144,all_128x2048,13.387496538880434,876244.94921875,337755,165,2048
llama2_7b,wiki_train,8,wanda,0.5,262144,all_128x2048,11.08619526633048,812537.4279785156,337755,165,2048
llama2_7b,wiki_train,9,fc_ls,0.2,262144,all_128x2048,6.126991087091054,612249.7648925781,337755,165,2048
llama2_7b,wiki_train,9,flap,0.2,262144,all_128x2048,6.233616316886072,618077.0024414062,337755,165,2048
llama2_7b,wiki_train,9,sobp,0.2,262144,all_128x2048,6.137360152042432,612820.8842773438,337755,165,2048
llama2_7b,wiki_train,9,fand,0.2,262144,all_128x2048,6.306200496695475,621987.0983886719,337755,165,2048
llama2_7b,wiki_train,9,slimllm,0.2,262144,all_128x2048,6.356755279640233,624683.9760742188,337755,165,2048
llama2_7b,wiki_train,9,wanda,0.2,262144,all_128x2048,6.309368225730284,622156.716796875,337755,165,2048
llama2_7b,wiki_train,9,fc_ls,0.3,262144,all_128x2048,6.692586005358665,642072.3723144531,337755,165,2048
llama2_7b,wiki_train,9,flap,0.3,262144,all_128x2048,6.94378940764259,654517.7329101562,337755,165,2048
llama2_7b,wiki_train,9,sobp,0.3,262144,all_128x2048,6.667398855331796,640798.853515625,337755,165,2048
llama2_7b,wiki_train,9,fand,0.3,262144,all_128x2048,7.274219216421832,670219.5688476562,337755,165,2048
llama2_7b,wiki_train,9,slimllm,0.3,262144,all_128x2048,7.242957240772999,668764.8913574219,337755,165,2048
llama2_7b,wiki_train,9,wanda,0.3,262144,all_128x2048,7.102073019873618,662130.4152832031,337755,165,2048
llama2_7b,wiki_train,9,fc_ls,0.4,262144,all_128x2048,7.602333603279128,685120.9040527344,337755,165,2048
llama2_7b,wiki_train,9,flap,0.4,262144,all_128x2048,8.219505728726354,711484.3110351562,337755,165,2048
llama2_7b,wiki_train,9,sobp,0.4,262144,all_128x2048,7.46988716921539,679184.7387695312,337755,165,2048
llama2_7b,wiki_train,9,fand,0.4,262144,all_128x2048,8.92965318524637,739473.216796875,337755,165,2048
llama2_7b,wiki_train,9,slimllm,0.4,262144,all_128x2048,9.035693333031581,743460.44921875,337755,165,2048
llama2_7b,wiki_train,9,wanda,0.4,262144,all_128x2048,8.489434404247863,722397.9526367188,337755,165,2048
llama2_7b,wiki_train,9,fc_ls,0.5,262144,all_128x2048,9.156120381827867,747932.2883300781,337755,165,2048
llama2_7b,wiki_train,9,flap,0.5,262144,all_128x2048,10.522330356254447,794906.291015625,337755,165,2048
llama2_7b,wiki_train,9,sobp,0.5,262144,all_128x2048,8.674452467898183,729679.892578125,337755,165,2048
llama2_7b,wiki_train,9,fand,0.5,262144,all_128x2048,12.235191388286408,845845.365234375,337755,165,2048
llama2_7b,wiki_train,9,slimllm,0.5,262144,all_128x2048,13.197346563305299,871413.2336425781,337755,165,2048
llama2_7b,wiki_train,9,wanda,0.5,262144,all_128x2048,11.016975529111637,810421.9497070312,337755,165,2048
llama32_1b,c4,0,flap,0.2,262144,all_128x2048,15.66237346589105,794088.2783203125,288627,141,2048
llama32_1b,c4,0,flap,0.3,262144,all_128x2048,20.032161227486075,865112.9760742188,288627,141,2048
llama32_1b,c4,0,flap,0.4,262144,all_128x2048,26.54985923999601,946414.9887695312,288627,141,2048
llama32_1b,c4,0,flap,0.5,262144,all_128x2048,37.92247263868054,1049316.1240234375,288627,141,2048
llama32_1b,c4,0,fc_ls,0.2,262144,all_128x2048,14.562197894750826,773066.9228515625,288627,141,2048
llama32_1b,c4,0,sobp,0.2,262144,all_128x2048,15.679927589912916,794411.5854492188,288627,141,2048
llama32_1b,c4,0,fand,0.2,262144,all_128x2048,15.268615363644345,786739.314453125,288627,141,2048
llama32_1b,c4,0,slimllm,0.2,262144,all_128x2048,15.395951535145953,789136.4047851562,288627,141,2048
llama32_1b,c4,0,wanda,0.2,262144,all_128x2048,15.699171614248849,794765.6010742188,288627,141,2048
llama32_1b,c4,0,fc_ls,0.3,262144,all_128x2048,18.247199277334833,838176.1572265625,288627,141,2048
llama32_1b,c4,0,sobp,0.3,262144,all_128x2048,19.5312158198604,857803.4838867188,288627,141,2048
llama32_1b,c4,0,fand,0.3,262144,all_128x2048,19.841759150405874,862356.5078125,288627,141,2048
llama32_1b,c4,0,slimllm,0.3,262144,all_128x2048,21.097278803815826,880065.3041992188,288627,141,2048
llama32_1b,c4,0,wanda,0.3,262144,all_128x2048,20.258991300311475,868362.8198242188,288627,141,2048
llama32_1b,c4,0,fc_ls,0.4,262144,all_128x2048,22.916569290184917,903939.4135742188,288627,141,2048
llama32_1b,c4,0,sobp,0.4,262144,all_128x2048,24.354869431707332,921508.6030273438,288627,141,2048
llama32_1b,c4,0,fand,0.4,262144,all_128x2048,26.396997081023923,944748.4018554688,288627,141,2048
llama32_1b,c4,0,slimllm,0.4,262144,all_128x2048,36.54397993298299,1038629.01171875,288627,141,2048
llama32_1b,c4,0,wanda,0.4,262144,all_128x2048,27.11759573106649,952521.8627929688,288627,141,2048
llama32_1b,c4,0,fc_ls,0.5,262144,all_128x2048,29.77083370407478,979464.146484375,288627,141,2048
llama32_1b,c4,0,sobp,0.5,262144,all_128x2048,31.97164460200548,1000049.0888671875,288627,141,2048
llama32_1b,c4,0,fand,0.5,262144,all_128x2048,39.401430775936994,1060358.4873046875,288627,141,2048
llama32_1b,c4,0,slimllm,0.5,262144,all_128x2048,61.84309765008311,1190471.0668945312,288627,141,2048
llama32_1b,c4,0,wanda,0.5,262144,all_128x2048,41.50102629668245,1075342.8544921875,288627,141,2048
llama32_1b,c4,1,fc_ls,0.2,262144,all_128x2048,14.56284015438739,773079.65234375,288627,141,2048
llama32_1b,c4,1,flap,0.2,262144,all_128x2048,15.551787515201926,792043.1665039062,288627,141,2048
llama32_1b,c4,1,sobp,0.2,262144,all_128x2048,15.576054861952352,792493.1953125,288627,141,2048
llama32_1b,c4,1,fand,0.2,262144,all_128x2048,15.171565847468074,784898.9045410156,288627,141,2048
llama32_1b,c4,1,slimllm,0.2,262144,all_128x2048,15.347178042773475,788220.599609375,288627,141,2048
llama32_1b,c4,1,wanda,0.2,262144,all_128x2048,15.536072742157533,791751.3671875,288627,141,2048
llama32_1b,c4,1,fc_ls,0.3,262144,all_128x2048,18.108559246180356,835974.8305664062,288627,141,2048
llama32_1b,c4,1,flap,0.3,262144,all_128x2048,20.24508963551439,868164.6967773438,288627,141,2048
llama32_1b,c4,1,sobp,0.3,262144,all_128x2048,19.189971694640924,852716.09765625,288627,141,2048
llama32_1b,c4,1,fand,0.3,262144,all_128x2048,19.918223060004337,863466.6479492188,288627,141,2048
llama32_1b,c4,1,slimllm,0.3,262144,all_128x2048,20.97729800923775,878419.189453125,288627,141,2048
llama32_1b,c4,1,wanda,0.3,262144,all_128x2048,20.200440377515033,867527.4453125,288627,141,2048
llama32_1b,c4,1,fc_ls,0.4,262144,all_128x2048,22.529824045003085,899026.9086914062,288627,141,2048
llama32_1b,c4,1,flap,0.4,262144,all_128x2048,26.650899304530338,947511.3237304688,288627,141,2048
llama32_1b,c4,1,sobp,0.4,262144,all_128x2048,23.71152817263212,913781.9267578125,288627,141,2048
llama32_1b,c4,1,fand,0.4,262144,all_128x2048,27.373943382391168,955237.4916992188,288627,141,2048
llama32_1b,c4,1,slimllm,0.4,262144,all_128x2048,32.054826973881305,1000799.0502929688,288627,141,2048
llama32_1b,c4,1,wanda,0.4,262144,all_128x2048,27.024573321089285,951530.0737304688,288627,141,2048
llama32_1b,c4,1,fc_ls,0.5,262144,all_128x2048,29.69876197311423,978764.5668945312,288627,141,2048
llama32_1b,c4,1,flap,0.5,262144,all_128x2048,38.250334258050145,1051800.7456054688,288627,141,2048
llama32_1b,c4,1,sobp,0.5,262144,all_128x2048,31.11224175340398,992184.5698242188,288627,141,2048
llama32_1b,c4,1,fand,0.5,262144,all_128x2048,39.18810683732654,1058791.5815429688,288627,141,2048
llama32_1b,c4,1,slimllm,0.5,262144,all_128x2048,56.07570924618551,1162215.1284179688,288627,141,2048
llama32_1b,c4,1,wanda,0.5,262144,all_128x2048,41.38862751517064,1074560.0947265625,288627,141,2048
llama32_1b,c4,2,fc_ls,0.2,262144,all_128x2048,14.592719806112866,773671.2429199219,288627,141,2048
llama32_1b,c4,2,flap,0.2,262144,all_128x2048,15.569718146091194,792375.7509765625,288627,141,2048
llama32_1b,c4,2,sobp,0.2,262144,all_128x2048,15.46548120528139,790436.9389648438,288627,141,2048
llama32_1b,c4,2,fand,0.2,262144,all_128x2048,15.446703175657541,790086.2780761719,288627,141,2048
llama32_1b,c4,2,slimllm,0.2,262144,all_128x2048,15.356189261302227,788390.01953125,288627,141,2048
llama32_1b,c4,2,wanda,0.2,262144,all_128x2048,15.501307848567453,791104.7861328125,288627,141,2048
llama32_1b,c4,2,fc_ls,0.3,262144,all_128x2048,18.091692218974593,835705.8666992188,288627,141,2048
llama32_1b,c4,2,flap,0.3,262144,all_128x2048,19.96908783440657,864202.76953125,288627,141,2048
llama32_1b,c4,2,sobp,0.3,262144,all_128x2048,19.043322927002205,850501.9541015625,288627,141,2048
llama32_1b,c4,2,fand,0.3,262144,all_128x2048,19.839315652693283,862320.9614257812,288627,141,2048
llama32_1b,c4,2,slimllm,0.3,262144,all_128x2048,21.003618316212787,878781.1040039062,288627,141,2048
llama32_1b,c4,2,wanda,0.3,262144,all_128x2048,20.101433741523646,866109.3452148438,288627,141,2048
llama32_1b,c4,2,fc_ls,0.4,262144,all_128x2048,22.54157062085059,899177.353515625,288627,141,2048
llama32_1b,c4,2,flap,0.4,262144,all_128x2048,26.185236300120255,942423.654296875,288627,141,2048
llama32_1b,c4,2,sobp,0.4,262144,all_128x2048,23.689490931538323,913513.5551757812,288627,141,2048
llama32_1b,c4,2,fand,0.4,262144,all_128x2048,26.355059689877642,944289.490234375,288627,141,2048
llama32_1b,c4,2,slimllm,0.4,262144,all_128x2048,32.227037940168174,1002345.5161132812,288627,141,2048
llama32_1b,c4,2,wanda,0.4,262144,all_128x2048,26.711066938138305,948162.1997070312,288627,141,2048
llama32_1b,c4,2,fc_ls,0.5,262144,all_128x2048,29.734726227272645,979113.8735351562,288627,141,2048
llama32_1b,c4,2,flap,0.5,262144,all_128x2048,37.723950344354805,1047801.20703125,288627,141,2048
llama32_1b,c4,2,sobp,0.5,262144,all_128x2048,30.87178127541275,989945.1625976562,288627,141,2048
llama32_1b,c4,2,fand,0.5,262144,all_128x2048,37.24223777216113,1044091.876953125,288627,141,2048
llama32_1b,c4,2,slimllm,0.5,262144,all_128x2048,61.66687218416631,1189647.43359375,288627,141,2048
llama32_1b,c4,2,wanda,0.5,262144,all_128x2048,40.962360457906044,1071572.0727539062,288627,141,2048
llama32_1b,c4,3,fc_ls,0.2,262144,all_128x2048,14.724035648213261,776256.9008789062,288627,141,2048
llama32_1b,c4,3,flap,0.2,262144,all_128x2048,15.647160319490887,793807.7934570312,288627,141,2048
llama32_1b,c4,3,sobp,0.2,262144,all_128x2048,16.30110347789022,805625.150390625,288627,141,2048
llama32_1b,c4,3,fand,0.2,262144,all_128x2048,15.340726532737717,788099.2436523438,288627,141,2048
llama32_1b,c4,3,slimllm,0.2,262144,all_128x2048,15.444806373586747,790050.8334960938,288627,141,2048
llama32_1b,c4,3,wanda,0.2,262144,all_128x2048,15.882462635462286,798115.8603515625,288627,141,2048
llama32_1b,c4,3,fc_ls,0.3,262144,all_128x2048,18.82880950271807,847232.2661132812,288627,141,2048
llama32_1b,c4,3,flap,0.3,262144,all_128x2048,20.52344072582916,872106.015625,288627,141,2048
llama32_1b,c4,3,sobp,0.3,262144,all_128x2048,20.076928202220973,865757.2670898438,288627,141,2048
llama32_1b,c4,3,fand,0.3,262144,all_128x2048,20.443414789744565,870978.3881835938,288627,141,2048
llama32_1b,c4,3,slimllm,0.3,262144,all_128x2048,21.006693569638536,878823.3603515625,288627,141,2048
llama32_1b,c4,3,wanda,0.3,262144,all_128x2048,20.570556820380393,872767.86328125,288627,141,2048
llama32_1b,c4,3,fc_ls,0.4,262144,all_128x2048,23.867808216008672,915677.9936523438,288627,141,2048
llama32_1b,c4,3,flap,0.4,262144,all_128x2048,27.571333548891825,957311.2778320312,288627,141,2048
llama32_1b,c4,3,sobp,0.4,262144,all_128x2048,25.540435991488934,935227.3662109375,288627,141,2048
llama32_1b,c4,3,fand,0.4,262144,all_128x2048,27.20607254187634,953462.0356445312,288627,141,2048
llama32_1b,c4,3,slimllm,0.4,262144,all_128x2048,32.62003490650891,1005843.9291992188,288627,141,2048
llama32_1b,c4,3,wanda,0.4,262144,all_128x2048,27.875222435386245,960475.0961914062,288627,141,2048
llama32_1b,c4,3,fc_ls,0.5,262144,all_128x2048,31.378907869266893,994647.87890625,288627,141,2048
llama32_1b,c4,3,flap,0.5,262144,all_128x2048,39.746635561547095,1062876.2001953125,288627,141,2048
llama32_1b,c4,3,sobp,0.5,262144,all_128x2048,32.99167845797332,1009113.6962890625,288627,141,2048
llama32_1b,c4,3,fand,0.5,262144,all_128x2048,40.824912737765274,1070601.966796875,288627,141,2048
llama32_1b,c4,3,slimllm,0.5,262144,all_128x2048,61.84186500224783,1190465.3139648438,288627,141,2048
llama32_1b,c4,3,wanda,0.5,262144,all_128x2048,43.10594361686527,1086294.1518554688,288627,141,2048
llama32_1b,c4,4,fc_ls,0.2,262144,all_128x2048,14.36141032011871,769059.5634765625,288627,141,2048
llama32_1b,c4,4,flap,0.2,262144,all_128x2048,15.365159033875868,788558.5615234375,288627,141,2048
llama32_1b,c4,4,sobp,0.2,262144,all_128x2048,15.372239666543779,788691.537109375,288627,141,2048
llama32_1b,c4,4,fand,0.2,262144,all_128x2048,15.168069151070828,784832.375,288627,141,2048
llama32_1b,c4,4,slimllm,0.2,262144,all_128x2048,15.448955206234418,790128.3549804688,288627,141,2048
llama32_1b,c4,4,wanda,0.2,262144,all_128x2048,15.487933980678973,790855.6635742188,288627,141,2048
llama32_1b,c4,4,fc_ls,0.3,262144,all_128x2048,17.89976638382478,832627.6083984375,288627,141,2048
llama32_1b,c4,4,flap,0.3,262144,all_128x2048,19.92447280437307,863557.1962890625,288627,141,2048
llama32_1b,c4,4,sobp,0.3,262144,all_128x2048,18.779147063236277,846469.984375,288627,141,2048
llama32_1b,c4,4,fand,0.3,262144,all_128x2048,19.90517893592505,863277.5688476562,288627,141,2048
llama32_1b,c4,4,slimllm,0.3,262144,all_128x2048,20.895202502659227,877287.419921875,288627,141,2048
llama32_1b,c4,4,wanda,0.3,262144,all_128x2048,20.08842915765742,865922.5581054688,288627,141,2048
llama32_1b,c4,4,fc_ls,0.4,262144,all_128x2048,22.59637835533393,899878.271484375,288627,141,2048
llama32_1b,c4,4,flap,0.4,262144,all_128x2048,26.78209449807364,948928.6708984375,288627,141,2048
llama32_1b,c4,4,sobp,0.4,262144,all_128x2048,23.72728143714678,913973.6186523438,288627,141,2048
llama32_1b,c4,4,fand,0.4,262144,all_128x2048,26.596740657158755,946924.193359375,288627,141,2048
llama32_1b,c4,4,slimllm,0.4,262144,all_128x2048,36.02464695070705,1034497.8579101562,288627,141,2048
llama32_1b,c4,4,wanda,0.4,262144,all_128x2048,27.206208685780442,953463.4799804688,288627,141,2048
llama32_1b,c4,4,fc_ls,0.5,262144,all_128x2048,29.464962732687983,976483.4013671875,288627,141,2048
llama32_1b,c4,4,flap,0.5,262144,all_128x2048,39.05705016868641,1057824.7094726562,288627,141,2048
llama32_1b,c4,4,sobp,0.5,262144,all_128x2048,30.688849733897655,988229.80859375,288627,141,2048
llama32_1b,c4,4,fand,0.5,262144,all_128x2048,39.925803937247046,1064174.3383789062,288627,141,2048
llama32_1b,c4,4,slimllm,0.5,262144,all_128x2048,61.324451997348675,1188040.2963867188,288627,141,2048
llama32_1b,c4,4,wanda,0.5,262144,all_128x2048,42.65374819525677,1083250.3671875,288627,141,2048
llama32_1b,c4,5,fc_ls,0.2,262144,all_128x2048,14.633228919297142,774471.3559570312,288627,141,2048
llama32_1b,c4,5,flap,0.2,262144,all_128x2048,15.706920566701564,794908.029296875,288627,141,2048
llama32_1b,c4,5,sobp,0.2,262144,all_128x2048,15.596438363363852,792870.658203125,288627,141,2048
llama32_1b,c4,5,fand,0.2,262144,all_128x2048,15.524380988234002,791534.0776367188,288627,141,2048
llama32_1b,c4,5,slimllm,0.2,262144,all_128x2048,15.384027386300408,788912.7768554688,288627,141,2048
llama32_1b,c4,5,wanda,0.2,262144,all_128x2048,15.72225487932405,795189.671875,288627,141,2048
llama32_1b,c4,5,fc_ls,0.3,262144,all_128x2048,18.297545882221176,838971.4233398438,288627,141,2048
llama32_1b,c4,5,flap,0.3,262144,all_128x2048,20.40256337288175,870401.0571289062,288627,141,2048
llama32_1b,c4,5,sobp,0.3,262144,all_128x2048,19.231938508709042,853346.6108398438,288627,141,2048
llama32_1b,c4,5,fand,0.3,262144,all_128x2048,20.410730718447887,870516.57421875,288627,141,2048
llama32_1b,c4,5,slimllm,0.3,262144,all_128x2048,21.15512162599446,880855.5556640625,288627,141,2048
llama32_1b,c4,5,wanda,0.3,262144,all_128x2048,20.41478268665606,870573.8671875,288627,141,2048
llama32_1b,c4,5,fc_ls,0.4,262144,all_128x2048,22.847715012264047,903070.91015625,288627,141,2048
llama32_1b,c4,5,flap,0.4,262144,all_128x2048,26.71087665161882,948160.1435546875,288627,141,2048
llama32_1b,c4,5,sobp,0.4,262144,all_128x2048,23.844309091048846,915393.6850585938,288627,141,2048
llama32_1b,c4,5,fand,0.4,262144,all_128x2048,26.933734138023382,950558.26171875,288627,141,2048
llama32_1b,c4,5,slimllm,0.4,262144,all_128x2048,36.42189793032542,1037663.1850585938,288627,141,2048
llama32_1b,c4,5,wanda,0.4,262144,all_128x2048,27.264698244714438,954083.3217773438,288627,141,2048
llama32_1b,c4,5,fc_ls,0.5,262144,all_128x2048,29.34910811272988,975346.298828125,288627,141,2048
llama32_1b,c4,5,flap,0.5,262144,all_128x2048,37.24432307747202,1044108.0375976562,288627,141,2048
llama32_1b,c4,5,sobp,0.5,262144,all_128x2048,31.118919378190075,992246.5112304688,288627,141,2048
llama32_1b,c4,5,fand,0.5,262144,all_128x2048,37.94115368812073,1049458.2700195312,288627,141,2048
llama32_1b,c4,5,slimllm,0.5,262144,all_128x2048,63.1665652796019,1196582.638671875,288627,141,2048
llama32_1b,c4,5,wanda,0.5,262144,all_128x2048,40.065189678083115,1065180.21484375,288627,141,2048
llama32_1b,c4,6,fc_ls,0.2,262144,all_128x2048,14.24646661038001,766740.1997070312,288627,141,2048
llama32_1b,c4,6,flap,0.2,262144,all_128x2048,15.168314697409139,784837.0473632812,288627,141,2048
llama32_1b,c4,6,sobp,0.2,262144,all_128x2048,14.883232130763751,779360.7905273438,288627,141,2048
llama32_1b,c4,6,fand,0.2,262144,all_128x2048,15.252777658859909,786439.7744140625,288627,141,2048
llama32_1b,c4,6,slimllm,0.2,262144,all_128x2048,15.345991613019144,788198.2861328125,288627,141,2048
llama32_1b,c4,6,wanda,0.2,262144,all_128x2048,15.09483491400409,783435.4555664062,288627,141,2048
llama32_1b,c4,6,fc_ls,0.3,262144,all_128x2048,17.419352987907324,824775.2705078125,288627,141,2048
llama32_1b,c4,6,flap,0.3,262144,all_128x2048,19.58736712063862,858632.08203125,288627,141,2048
llama32_1b,c4,6,sobp,0.3,262144,all_128x2048,18.271483587236194,838560.021484375,288627,141,2048
llama32_1b,c4,6,fand,0.3,262144,all_128x2048,19.563186242459047,858275.5478515625,288627,141,2048
llama32_1b,c4,6,slimllm,0.3,262144,all_128x2048,21.157849740897518,880892.7739257812,288627,141,2048
llama32_1b,c4,6,wanda,0.3,262144,all_128x2048,19.454579574109662,856668.7465820312,288627,141,2048
llama32_1b,c4,6,fc_ls,0.4,262144,all_128x2048,22.17845818893553,894490.1313476562,288627,141,2048
llama32_1b,c4,6,flap,0.4,262144,all_128x2048,26.278163711830263,943446.1342773438,288627,141,2048
llama32_1b,c4,6,sobp,0.4,262144,all_128x2048,22.5778677919201,899641.736328125,288627,141,2048
llama32_1b,c4,6,fand,0.4,262144,all_128x2048,26.434511445561043,945158.2958984375,288627,141,2048
llama32_1b,c4,6,slimllm,0.4,262144,all_128x2048,32.135689150262074,1001526.2299804688,288627,141,2048
llama32_1b,c4,6,wanda,0.4,262144,all_128x2048,26.592759147847428,946880.9829101562,288627,141,2048
llama32_1b,c4,6,fc_ls,0.5,262144,all_128x2048,28.58317926866669,967713.9184570312,288627,141,2048
llama32_1b,c4,6,flap,0.5,262144,all_128x2048,36.7414739191099,1040184.6337890625,288627,141,2048
llama32_1b,c4,6,sobp,0.5,262144,all_128x2048,29.65531054498211,978341.9755859375,288627,141,2048
llama32_1b,c4,6,fand,0.5,262144,all_128x2048,39.54843883273635,1061433.3603515625,288627,141,2048
llama32_1b,c4,6,slimllm,0.5,262144,all_128x2048,56.60819386600843,1164942.9462890625,288627,141,2048
llama32_1b,c4,6,wanda,0.5,262144,all_128x2048,38.713095202362126,1055271.6645507812,288627,141,2048
llama32_1b,c4,7,fc_ls,0.2,262144,all_128x2048,14.489967049520676,771631.7241210938,288627,141,2048
llama32_1b,c4,7,flap,0.2,262144,all_128x2048,15.503258549856984,791141.1049804688,288627,141,2048
llama32_1b,c4,7,sobp,0.2,262144,all_128x2048,15.508777472884786,791243.8334960938,288627,141,2048
llama32_1b,c4,7,fand,0.2,262144,all_128x2048,15.346592786889952,788209.5927734375,288627,141,2048
llama32_1b,c4,7,slimllm,0.2,262144,all_128x2048,15.359246031393027,788447.4672851562,288627,141,2048
llama32_1b,c4,7,wanda,0.2,262144,all_128x2048,15.26724157885516,786713.3442382812,288627,141,2048
llama32_1b,c4,7,fc_ls,0.3,262144,all_128x2048,17.595119534828253,827673.0092773438,288627,141,2048
llama32_1b,c4,7,flap,0.3,262144,all_128x2048,19.505384395711467,857421.5014648438,288627,141,2048
llama32_1b,c4,7,sobp,0.3,262144,all_128x2048,18.936443724108255,848877.494140625,288627,141,2048
llama32_1b,c4,7,fand,0.3,262144,all_128x2048,19.828705961433656,862166.5678710938,288627,141,2048
llama32_1b,c4,7,slimllm,0.3,262144,all_128x2048,20.97357414853934,878367.9482421875,288627,141,2048
llama32_1b,c4,7,wanda,0.3,262144,all_128x2048,19.63061171363085,859268.6044921875,288627,141,2048
llama32_1b,c4,7,fc_ls,0.4,262144,all_128x2048,22.161711284871103,894272.107421875,288627,141,2048
llama32_1b,c4,7,flap,0.4,262144,all_128x2048,25.816617458003826,938331.6796875,288627,141,2048
llama32_1b,c4,7,sobp,0.4,262144,all_128x2048,23.704832939424023,913700.41796875,288627,141,2048
llama32_1b,c4,7,fand,0.4,262144,all_128x2048,26.299581354461424,943681.2797851562,288627,141,2048
llama32_1b,c4,7,slimllm,0.4,262144,all_128x2048,36.00777976141903,1034362.6875,288627,141,2048
llama32_1b,c4,7,wanda,0.4,262144,all_128x2048,26.417721323778697,944974.9135742188,288627,141,2048
llama32_1b,c4,7,fc_ls,0.5,262144,all_128x2048,29.636105645929995,978154.9990234375,288627,141,2048
llama32_1b,c4,7,flap,0.5,262144,all_128x2048,37.56635309815466,1046592.900390625,288627,141,2048
llama32_1b,c4,7,sobp,0.5,262144,all_128x2048,31.020048477529397,991328.0268554688,288627,141,2048
llama32_1b,c4,7,fand,0.5,262144,all_128x2048,38.451122578064414,1053311.87890625,288627,141,2048
llama32_1b,c4,7,slimllm,0.5,262144,all_128x2048,61.4924192726081,1188829.7631835938,288627,141,2048
llama32_1b,c4,7,wanda,0.5,262144,all_128x2048,39.88863206710298,1063905.4946289062,288627,141,2048
llama32_1b,c4,8,fc_ls,0.2,262144,all_128x2048,14.585834877241847,773535.0349121094,288627,141,2048
llama32_1b,c4,8,flap,0.2,262144,all_128x2048,15.403295655854654,789274.0517578125,288627,141,2048
llama32_1b,c4,8,sobp,0.2,262144,all_128x2048,15.591665609435696,792782.3203125,288627,141,2048
llama32_1b,c4,8,fand,0.2,262144,all_128x2048,15.217097301094801,785763.8071289062,288627,141,2048
llama32_1b,c4,8,slimllm,0.2,262144,all_128x2048,15.415160572339758,789496.291015625,288627,141,2048
llama32_1b,c4,8,wanda,0.2,262144,all_128x2048,15.233887405481555,786082.0942382812,288627,141,2048
llama32_1b,c4,8,fc_ls,0.3,262144,all_128x2048,18.525663703286874,842547.5268554688,288627,141,2048
llama32_1b,c4,8,flap,0.3,262144,all_128x2048,20.294024027271583,868861.4951171875,288627,141,2048
llama32_1b,c4,8,sobp,0.3,262144,all_128x2048,19.11754868242498,851624.7578125,288627,141,2048
llama32_1b,c4,8,fand,0.3,262144,all_128x2048,19.96016527845157,864073.7768554688,288627,141,2048
llama32_1b,c4,8,slimllm,0.3,262144,all_128x2048,21.177051193916473,881154.59375,288627,141,2048
llama32_1b,c4,8,wanda,0.3,262144,all_128x2048,20.438588275826074,870910.2377929688,288627,141,2048
llama32_1b,c4,8,fc_ls,0.4,262144,all_128x2048,23.545031834688597,911748.1123046875,288627,141,2048
llama32_1b,c4,8,flap,0.4,262144,all_128x2048,27.34979130048783,954982.7231445312,288627,141,2048
llama32_1b,c4,8,sobp,0.4,262144,all_128x2048,23.76800407929422,914468.55859375,288627,141,2048
llama32_1b,c4,8,fand,0.4,262144,all_128x2048,27.02599662107779,951545.2744140625,288627,141,2048
llama32_1b,c4,8,slimllm,0.4,262144,all_128x2048,32.5311577067535,1005056.45703125,288627,141,2048
llama32_1b,c4,8,wanda,0.4,262144,all_128x2048,27.774642933881,959431.7875976562,288627,141,2048
llama32_1b,c4,8,fc_ls,0.5,262144,all_128x2048,30.509176145682606,986535.0219726562,288627,141,2048
llama32_1b,c4,8,flap,0.5,262144,all_128x2048,38.89397529688594,1056617.0825195312,288627,141,2048
llama32_1b,c4,8,sobp,0.5,262144,all_128x2048,31.559972200370662,996308.5439453125,288627,141,2048
llama32_1b,c4,8,fand,0.5,262144,all_128x2048,40.38704864961051,1067489.6020507812,288627,141,2048
llama32_1b,c4,8,slimllm,0.5,262144,all_128x2048,57.46853648436511,1169296.556640625,288627,141,2048
llama32_1b,c4,8,wanda,0.5,262144,all_128x2048,42.2447264238769,1080469.265625,288627,141,2048
llama32_1b,c4,9,fc_ls,0.2,262144,all_128x2048,14.606113468874758,773936.0324707031,288627,141,2048
llama32_1b,c4,9,flap,0.2,262144,all_128x2048,15.512853316095251,791319.6772460938,288627,141,2048
llama32_1b,c4,9,sobp,0.2,262144,all_128x2048,15.860645310519203,797719.1083984375,288627,141,2048
llama32_1b,c4,9,fand,0.2,262144,all_128x2048,15.319159513234405,787693.1870117188,288627,141,2048
llama32_1b,c4,9,slimllm,0.2,262144,all_128x2048,15.445549017518285,790064.7114257812,288627,141,2048
llama32_1b,c4,9,wanda,0.2,262144,all_128x2048,15.557480101578232,792148.7963867188,288627,141,2048
llama32_1b,c4,9,fc_ls,0.3,262144,all_128x2048,18.272324590257163,838573.3061523438,288627,141,2048
llama32_1b,c4,9,flap,0.3,262144,all_128x2048,19.848391800078584,862452.9731445312,288627,141,2048
llama32_1b,c4,9,sobp,0.3,262144,all_128x2048,19.155270384029322,852193.6997070312,288627,141,2048
llama32_1b,c4,9,fand,0.3,262144,all_128x2048,19.9646153006647,864138.1176757812,288627,141,2048
llama32_1b,c4,9,slimllm,0.3,262144,all_128x2048,21.14014661635636,880651.173828125,288627,141,2048
llama32_1b,c4,9,wanda,0.3,262144,all_128x2048,20.15757525142755,866914.3310546875,288627,141,2048
llama32_1b,c4,9,fc_ls,0.4,262144,all_128x2048,22.968391044997777,904591.35546875,288627,141,2048
llama32_1b,c4,9,flap,0.4,262144,all_128x2048,26.580579957502547,946748.7646484375,288627,141,2048
llama32_1b,c4,9,sobp,0.4,262144,all_128x2048,23.847185507949817,915428.5009765625,288627,141,2048
llama32_1b,c4,9,fand,0.4,262144,all_128x2048,27.1898440820179,953289.8178710938,288627,141,2048
llama32_1b,c4,9,slimllm,0.4,262144,all_128x2048,32.80438353827327,1007470.4819335938,288627,141,2048
llama32_1b,c4,9,wanda,0.4,262144,all_128x2048,27.274095839359568,954182.7885742188,288627,141,2048
llama32_1b,c4,9,fc_ls,0.5,262144,all_128x2048,30.008919065317215,981763.193359375,288627,141,2048
llama32_1b,c4,9,flap,0.5,262144,all_128x2048,38.61010024159139,1054502.7583007812,288627,141,2048
llama32_1b,c4,9,sobp,0.5,262144,all_128x2048,31.98065427661867,1000130.4130859375,288627,141,2048
llama32_1b,c4,9,fand,0.5,262144,all_128x2048,39.440907154759344,1060647.5185546875,288627,141,2048
llama32_1b,c4,9,slimllm,0.5,262144,all_128x2048,62.122576172879974,1191772.478515625,288627,141,2048
llama32_1b,c4,9,wanda,0.5,262144,all_128x2048,40.86989463803379,1070919.8081054688,288627,141,2048
llama32_1b,wiki_train,0,fc_ls,0.2,262144,all_128x2048,12.717987015408383,733983.4519042969,288627,141,2048
llama32_1b,wiki_train,0,flap,0.2,262144,all_128x2048,13.866092176341946,758929.2399902344,288627,141,2048
llama32_1b,wiki_train,0,sobp,0.2,262144,all_128x2048,12.463489628705936,728149.2175292969,288627,141,2048
llama32_1b,wiki_train,0,fand,0.2,262144,all_128x2048,13.893157723182357,759492.0686035156,288627,141,2048
llama32_1b,wiki_train,0,slimllm,0.2,262144,all_128x2048,14.908753138878845,779855.2895507812,288627,141,2048
llama32_1b,wiki_train,0,wanda,0.2,262144,all_128x2048,14.034573799351032,762415.1020507812,288627,141,2048
llama32_1b,wiki_train,0,fc_ls,0.3,262144,all_128x2048,14.849528741723,778706.4475097656,288627,141,2048
llama32_1b,wiki_train,0,flap,0.3,262144,all_128x2048,17.209342198517568,821274.3862304688,288627,141,2048
llama32_1b,wiki_train,0,sobp,0.3,262144,all_128x2048,14.302907371448564,767881.4050292969,288627,141,2048
llama32_1b,wiki_train,0,fand,0.3,262144,all_128x2048,17.46532158062037,825535.9360351562,288627,141,2048
llama32_1b,wiki_train,0,slimllm,0.3,262144,all_128x2048,20.05584463107319,865454.0092773438,288627,141,2048
llama32_1b,wiki_train,0,wanda,0.3,262144,all_128x2048,17.855469868543604,831912.4584960938,288627,141,2048
llama32_1b,wiki_train,0,fc_ls,0.4,262144,all_128x2048,17.822428347557953,831377.8598632812,288627,141,2048
llama32_1b,wiki_train,0,flap,0.4,262144,all_128x2048,22.173019411218835,894419.3432617188,288627,141,2048
llama32_1b,wiki_train,0,sobp,0.4,262144,all_128x2048,16.570097971268,810349.0913085938,288627,141,2048
llama32_1b,wiki_train,0,fand,0.4,262144,all_128x2048,22.804007093081413,902518.2348632812,288627,141,2048
llama32_1b,wiki_train,0,slimllm,0.4,262144,all_128x2048,29.176278071277128,973641.6176757812,288627,141,2048
llama32_1b,wiki_train,0,wanda,0.4,262144,all_128x2048,23.96240149534778,916819.6240234375,288627,141,2048
llama32_1b,wiki_train,0,fc_ls,0.5,262144,all_128x2048,21.82503713812444,889853.724609375,288627,141,2048
llama32_1b,wiki_train,0,flap,0.5,262144,all_128x2048,29.946589946803005,981163.0859375,288627,141,2048
llama32_1b,wiki_train,0,sobp,0.5,262144,all_128x2048,19.5329033984175,857828.4213867188,288627,141,2048
llama32_1b,wiki_train,0,fand,0.5,262144,all_128x2048,31.966585860336632,1000003.4169921875,288627,141,2048
llama32_1b,wiki_train,0,slimllm,0.5,262144,all_128x2048,51.12761921840825,1135552.376953125,288627,141,2048
llama32_1b,wiki_train,0,wanda,0.5,262144,all_128x2048,33.26970695729818,1011535.8310546875,288627,141,2048
llama32_1b,wiki_train,1,fc_ls,0.2,262144,all_128x2048,12.586970054981622,730994.6801757812,288627,141,2048
llama32_1b,wiki_train,1,flap,0.2,262144,all_128x2048,13.776440266641812,757057.048828125,288627,141,2048
llama32_1b,wiki_train,1,sobp,0.2,262144,all_128x2048,12.342044727126165,725323.0290527344,288627,141,2048
llama32_1b,wiki_train,1,fand,0.2,262144,all_128x2048,13.688978202472454,755218.8100585938,288627,141,2048
llama32_1b,wiki_train,1,slimllm,0.2,262144,all_128x2048,14.882861280835622,779353.5986328125,288627,141,2048
llama32_1b,wiki_train,1,wanda,0.2,262144,all_128x2048,13.9457273265143,760582.1284179688,288627,141,2048
llama32_1b,wiki_train,1,fc_ls,0.3,262144,all_128x2048,14.614550838434479,774102.7126464844,288627,141,2048
llama32_1b,wiki_train,1,flap,0.3,262144,all_128x2048,17.06637275056106,818866.5541992188,288627,141,2048
llama32_1b,wiki_train,1,sobp,0.3,262144,all_128x2048,14.095787082797285,763671.2419433594,288627,141,2048
llama32_1b,wiki_train,1,fand,0.3,262144,all_128x2048,17.209031441717997,821269.1743164062,288627,141,2048
llama32_1b,wiki_train,1,slimllm,0.3,262144,all_128x2048,19.848395325798048,862453.0244140625,288627,141,2048
llama32_1b,wiki_train,1,wanda,0.3,262144,all_128x2048,17.684184282412527,829130.3251953125,288627,141,2048
llama32_1b,wiki_train,1,fc_ls,0.4,262144,all_128x2048,17.405015866940257,824537.6162109375,288627,141,2048
llama32_1b,wiki_train,1,flap,0.4,262144,all_128x2048,21.94991478476582,891500.47265625,288627,141,2048
llama32_1b,wiki_train,1,sobp,0.4,262144,all_128x2048,16.292287006780594,805469.00390625,288627,141,2048
llama32_1b,wiki_train,1,fand,0.4,262144,all_128x2048,22.49135439938426,898533.6572265625,288627,141,2048
llama32_1b,wiki_train,1,slimllm,0.4,262144,all_128x2048,28.925488816751383,971149.955078125,288627,141,2048
llama32_1b,wiki_train,1,wanda,0.4,262144,all_128x2048,23.709562121639017,913757.994140625,288627,141,2048
llama32_1b,wiki_train,1,fc_ls,0.5,262144,all_128x2048,21.32417249816249,883152.8115234375,288627,141,2048
llama32_1b,wiki_train,1,flap,0.5,262144,all_128x2048,29.5868972358029,977675.3583984375,288627,141,2048
llama32_1b,wiki_train,1,sobp,0.5,262144,all_128x2048,19.222846948876384,853210.1352539062,288627,141,2048
llama32_1b,wiki_train,1,fand,0.5,262144,all_128x2048,31.123426595248322,992288.3125,288627,141,2048
llama32_1b,wiki_train,1,slimllm,0.5,262144,all_128x2048,49.949628410955036,1128824.5454101562,288627,141,2048
llama32_1b,wiki_train,1,wanda,0.5,262144,all_128x2048,33.15750331064594,1010560.7778320312,288627,141,2048
llama32_1b,wiki_train,2,fc_ls,0.2,262144,all_128x2048,12.60426849522584,731391.0717773438,288627,141,2048
llama32_1b,wiki_train,2,flap,0.2,262144,all_128x2048,13.764114011498235,756798.6887207031,288627,141,2048
llama32_1b,wiki_train,2,sobp,0.2,262144,all_128x2048,12.362993124484785,725812.5061035156,288627,141,2048
llama32_1b,wiki_train,2,fand,0.2,262144,all_128x2048,13.886445781792572,759352.5959472656,288627,141,2048
llama32_1b,wiki_train,2,slimllm,0.2,262144,all_128x2048,14.872891352893562,779160.1845703125,288627,141,2048
llama32_1b,wiki_train,2,wanda,0.2,262144,all_128x2048,13.939551347981977,760454.279296875,288627,141,2048
llama32_1b,wiki_train,2,fc_ls,0.3,262144,all_128x2048,14.620729989633192,774224.720703125,288627,141,2048
llama32_1b,wiki_train,2,flap,0.3,262144,all_128x2048,16.917466762465338,816337.201171875,288627,141,2048
llama32_1b,wiki_train,2,sobp,0.3,262144,all_128x2048,14.041847504247276,762564.6501464844,288627,141,2048
llama32_1b,wiki_train,2,fand,0.3,262144,all_128x2048,17.43115297367993,824970.7221679688,288627,141,2048
llama32_1b,wiki_train,2,slimllm,0.3,262144,all_128x2048,19.877654119601242,862878.1801757812,288627,141,2048
llama32_1b,wiki_train,2,wanda,0.3,262144,all_128x2048,17.639247075450708,828395.962890625,288627,141,2048
llama32_1b,wiki_train,2,fc_ls,0.4,262144,all_128x2048,17.50491648905101,826189.5297851562,288627,141,2048
llama32_1b,wiki_train,2,flap,0.4,262144,all_128x2048,21.824409136717705,889845.4194335938,288627,141,2048
llama32_1b,wiki_train,2,sobp,0.4,262144,all_128x2048,16.201460519595415,803855.4599609375,288627,141,2048
llama32_1b,wiki_train,2,fand,0.4,262144,all_128x2048,22.922076327466637,904008.7646484375,288627,141,2048
llama32_1b,wiki_train,2,slimllm,0.4,262144,all_128x2048,28.969670799580424,971590.4794921875,288627,141,2048
llama32_1b,wiki_train,2,wanda,0.4,262144,all_128x2048,23.60996259773055,912542.9711914062,288627,141,2048
llama32_1b,wiki_train,2,fc_ls,0.5,262144,all_128x2048,21.633776225805736,887313.2309570312,288627,141,2048
llama32_1b,wiki_train,2,flap,0.5,262144,all_128x2048,29.40467105546214,975892.203125,288627,141,2048
llama32_1b,wiki_train,2,sobp,0.5,262144,all_128x2048,19.183276884730315,852615.38671875,288627,141,2048
llama32_1b,wiki_train,2,fand,0.5,262144,all_128x2048,32.155586814916965,1001704.8857421875,288627,141,2048
llama32_1b,wiki_train,2,slimllm,0.5,262144,all_128x2048,49.847083369776826,1128231.3940429688,288627,141,2048
llama32_1b,wiki_train,2,wanda,0.5,262144,all_128x2048,32.9070767431268,1008372.609375,288627,141,2048
llama32_1b,wiki_train,3,fc_ls,0.2,262144,all_128x2048,12.622394311653233,731805.8393554688,288627,141,2048
llama32_1b,wiki_train,3,flap,0.2,262144,all_128x2048,13.775876025212868,757045.2272949219,288627,141,2048
llama32_1b,wiki_train,3,sobp,0.2,262144,all_128x2048,12.396999068709231,726605.3205566406,288627,141,2048
llama32_1b,wiki_train,3,fand,0.2,262144,all_128x2048,13.827924923537903,758133.6813964844,288627,141,2048
llama32_1b,wiki_train,3,slimllm,0.2,262144,all_128x2048,14.921233417756483,780096.8012695312,288627,141,2048
llama32_1b,wiki_train,3,wanda,0.2,262144,all_128x2048,13.935621136918458,760372.8903808594,288627,141,2048
llama32_1b,wiki_train,3,fc_ls,0.3,262144,all_128x2048,14.689509344987894,775579.3063964844,288627,141,2048
llama32_1b,wiki_train,3,flap,0.3,262144,all_128x2048,17.036028124030206,818352.908203125,288627,141,2048
llama32_1b,wiki_train,3,sobp,0.3,262144,all_128x2048,14.107075384512784,763902.2900390625,288627,141,2048
llama32_1b,wiki_train,3,fand,0.3,262144,all_128x2048,17.315079360258295,823042.3344726562,288627,141,2048
llama32_1b,wiki_train,3,slimllm,0.3,262144,all_128x2048,19.974040417124716,864274.34375,288627,141,2048
llama32_1b,wiki_train,3,wanda,0.3,262144,all_128x2048,17.70486988974552,829467.7416992188,288627,141,2048
llama32_1b,wiki_train,3,fc_ls,0.4,262144,all_128x2048,17.5072677403238,826228.2954101562,288627,141,2048
llama32_1b,wiki_train,3,flap,0.4,262144,all_128x2048,22.039318856818976,892673.6899414062,288627,141,2048
llama32_1b,wiki_train,3,sobp,0.4,262144,all_128x2048,16.284172295074796,805325.2114257812,288627,141,2048
llama32_1b,wiki_train,3,fand,0.4,262144,all_128x2048,22.579553246083105,899663.2817382812,288627,141,2048
llama32_1b,wiki_train,3,slimllm,0.4,262144,all_128x2048,29.302069252771595,974883.3349609375,288627,141,2048
llama32_1b,wiki_train,3,wanda,0.4,262144,all_128x2048,23.716123962296518,913837.86328125,288627,141,2048
llama32_1b,wiki_train,3,fc_ls,0.5,262144,all_128x2048,21.431903048905795,884607.2954101562,288627,141,2048
llama32_1b,wiki_train,3,flap,0.5,262144,all_128x2048,29.54894162628925,977304.8549804688,288627,141,2048
llama32_1b,wiki_train,3,sobp,0.5,262144,all_128x2048,19.21724281045545,853125.9780273438,288627,141,2048
llama32_1b,wiki_train,3,fand,0.5,262144,all_128x2048,31.344153342514065,994328.025390625,288627,141,2048
llama32_1b,wiki_train,3,slimllm,0.5,262144,all_128x2048,50.758548201774026,1133461.3310546875,288627,141,2048
llama32_1b,wiki_train,3,wanda,0.5,262144,all_128x2048,33.3055457652543,1011846.5786132812,288627,141,2048
llama32_1b,wiki_train,4,fc_ls,0.2,262144,all_128x2048,12.644708333517611,732315.6271972656,288627,141,2048
llama32_1b,wiki_train,4,flap,0.2,262144,all_128x2048,13.777740378699935,757084.2858886719,288627,141,2048
llama32_1b,wiki_train,4,sobp,0.2,262144,all_128x2048,12.418739835908179,727111.0458984375,288627,141,2048
llama32_1b,wiki_train,4,fand,0.2,262144,all_128x2048,13.977615501105365,761241.3469238281,288627,141,2048
llama32_1b,wiki_train,4,slimllm,0.2,262144,all_128x2048,14.894391646931386,779577.1232910156,288627,141,2048
llama32_1b,wiki_train,4,wanda,0.2,262144,all_128x2048,13.912460686599326,759892.8046875,288627,141,2048
llama32_1b,wiki_train,4,fc_ls,0.3,262144,all_128x2048,14.696295665208035,775712.6166992188,288627,141,2048
llama32_1b,wiki_train,4,flap,0.3,262144,all_128x2048,17.070903399783543,818943.1665039062,288627,141,2048
llama32_1b,wiki_train,4,sobp,0.3,262144,all_128x2048,14.132268351713039,764417.2717285156,288627,141,2048
llama32_1b,wiki_train,4,fand,0.3,262144,all_128x2048,17.63770531888581,828370.734375,288627,141,2048
llama32_1b,wiki_train,4,slimllm,0.3,262144,all_128x2048,19.899737703296147,863198.6596679688,288627,141,2048
llama32_1b,wiki_train,4,wanda,0.3,262144,all_128x2048,17.700950415512942,829403.8388671875,288627,141,2048
llama32_1b,wiki_train,4,fc_ls,0.4,262144,all_128x2048,17.552475629803446,826972.6376953125,288627,141,2048
llama32_1b,wiki_train,4,flap,0.4,262144,all_128x2048,21.889855937792525,890709.6557617188,288627,141,2048
llama32_1b,wiki_train,4,sobp,0.4,262144,all_128x2048,16.30262625143333,805652.111328125,288627,141,2048
llama32_1b,wiki_train,4,fand,0.4,262144,all_128x2048,22.970051715220933,904612.2231445312,288627,141,2048
llama32_1b,wiki_train,4,slimllm,0.4,262144,all_128x2048,29.127837948316124,973162.0244140625,288627,141,2048
llama32_1b,wiki_train,4,wanda,0.4,262144,all_128x2048,23.763308265469195,914411.529296875,288627,141,2048
llama32_1b,wiki_train,4,fc_ls,0.5,262144,all_128x2048,21.60326977109576,886905.9418945312,288627,141,2048
llama32_1b,wiki_train,4,flap,0.5,262144,all_128x2048,29.46280972021918,976462.310546875,288627,141,2048
llama32_1b,wiki_train,4,sobp,0.5,262144,all_128x2048,19.203957291652003,852926.3715820312,288627,141,2048
llama32_1b,wiki_train,4,fand,0.5,262144,all_128x2048,32.067758166517244,1000915.4614257812,288627,141,2048
llama32_1b,wiki_train,4,slimllm,0.5,262144,all_128x2048,50.62291260266305,1132689.0375976562,288627,141,2048
llama32_1b,wiki_train,4,wanda,0.5,262144,all_128x2048,32.593478940964694,1005608.8623046875,288627,141,2048
llama32_1b,wiki_train,5,fc_ls,0.2,262144,all_128x2048,12.716679596357823,733953.779296875,288627,141,2048
llama32_1b,wiki_train,5,flap,0.2,262144,all_128x2048,13.884667804175617,759315.638671875,288627,141,2048
llama32_1b,wiki_train,5,sobp,0.2,262144,all_128x2048,12.467171616752282,728234.4716796875,288627,141,2048
llama32_1b,wiki_train,5,fand,0.2,262144,all_128x2048,13.936192298515353,760384.7197265625,288627,141,2048
llama32_1b,wiki_train,5,slimllm,0.2,262144,all_128x2048,14.930365364109731,780273.3898925781,288627,141,2048
llama32_1b,wiki_train,5,wanda,0.2,262144,all_128x2048,14.035022676434357,762424.3332519531,288627,141,2048
llama32_1b,wiki_train,5,fc_ls,0.3,262144,all_128x2048,14.811109655255573,777958.7365722656,288627,141,2048
llama32_1b,wiki_train,5,flap,0.3,262144,all_128x2048,17.16466032507854,820524.0283203125,288627,141,2048
llama32_1b,wiki_train,5,sobp,0.3,262144,all_128x2048,14.18098478918609,765410.5092773438,288627,141,2048
llama32_1b,wiki_train,5,fand,0.3,262144,all_128x2048,17.66448832885482,828808.6845703125,288627,141,2048
llama32_1b,wiki_train,5,slimllm,0.3,262144,all_128x2048,19.995587306025985,864585.5307617188,288627,141,2048
llama32_1b,wiki_train,5,wanda,0.3,262144,all_128x2048,17.874768555289002,832224.24609375,288627,141,2048
llama32_1b,wiki_train,5,fc_ls,0.4,262144,all_128x2048,17.788613061528373,830829.71484375,288627,141,2048
llama32_1b,wiki_train,5,flap,0.4,262144,all_128x2048,22.34791639768986,896687.0517578125,288627,141,2048
llama32_1b,wiki_train,5,sobp,0.4,262144,all_128x2048,16.39055630494291,807204.6704101562,288627,141,2048
llama32_1b,wiki_train,5,fand,0.4,262144,all_128x2048,23.417758768206774,910183.7021484375,288627,141,2048
llama32_1b,wiki_train,5,slimllm,0.4,262144,all_128x2048,29.181653769191254,973694.7919921875,288627,141,2048
llama32_1b,wiki_train,5,wanda,0.4,262144,all_128x2048,23.890600362232124,915953.4814453125,288627,141,2048
llama32_1b,wiki_train,5,fc_ls,0.5,262144,all_128x2048,21.71914124868343,888449.8872070312,288627,141,2048
llama32_1b,wiki_train,5,flap,0.5,262144,all_128x2048,29.931793624784884,981020.4428710938,288627,141,2048
llama32_1b,wiki_train,5,sobp,0.5,262144,all_128x2048,19.434385814776512,856368.9975585938,288627,141,2048
llama32_1b,wiki_train,5,fand,0.5,262144,all_128x2048,32.76222349540666,1007099.3012695312,288627,141,2048
llama32_1b,wiki_train,5,slimllm,0.5,262144,all_128x2048,51.268138363091495,1136344.5512695312,288627,141,2048
llama32_1b,wiki_train,5,wanda,0.5,262144,all_128x2048,33.07554648231556,1009846.4829101562,288627,141,2048
llama32_1b,wiki_train,6,fc_ls,0.2,262144,all_128x2048,12.632333818192473,732033.029296875,288627,141,2048
llama32_1b,wiki_train,6,flap,0.2,262144,all_128x2048,13.823300844502285,758037.1479492188,288627,141,2048
llama32_1b,wiki_train,6,sobp,0.2,262144,all_128x2048,12.390282629434637,726448.9060058594,288627,141,2048
llama32_1b,wiki_train,6,fand,0.2,262144,all_128x2048,13.73281551892721,756141.6267089844,288627,141,2048
llama32_1b,wiki_train,6,slimllm,0.2,262144,all_128x2048,14.881426184480167,779325.7661132812,288627,141,2048
llama32_1b,wiki_train,6,wanda,0.2,262144,all_128x2048,13.978364546525121,761256.8137207031,288627,141,2048
llama32_1b,wiki_train,6,fc_ls,0.3,262144,all_128x2048,14.733800368133336,776448.2497558594,288627,141,2048
llama32_1b,wiki_train,6,flap,0.3,262144,all_128x2048,17.091861425937854,819297.2978515625,288627,141,2048
llama32_1b,wiki_train,6,sobp,0.3,262144,all_128x2048,14.099094247935657,763738.9519042969,288627,141,2048
llama32_1b,wiki_train,6,fand,0.3,262144,all_128x2048,17.228685604554535,821598.6225585938,288627,141,2048
llama32_1b,wiki_train,6,slimllm,0.3,262144,all_128x2048,19.958757836594618,864053.4243164062,288627,141,2048
llama32_1b,wiki_train,6,wanda,0.3,262144,all_128x2048,17.78853707516928,830828.4819335938,288627,141,2048
llama32_1b,wiki_train,6,fc_ls,0.4,262144,all_128x2048,17.58256104925406,827466.9287109375,288627,141,2048
llama32_1b,wiki_train,6,flap,0.4,262144,all_128x2048,22.132630964192717,893893.1259765625,288627,141,2048
llama32_1b,wiki_train,6,sobp,0.4,262144,all_128x2048,16.312784866236672,805831.9067382812,288627,141,2048
llama32_1b,wiki_train,6,fand,0.4,262144,all_128x2048,22.433586582082807,897791.380859375,288627,141,2048
llama32_1b,wiki_train,6,slimllm,0.4,262144,all_128x2048,29.14575399756918,973339.4995117188,288627,141,2048
llama32_1b,wiki_train,6,wanda,0.4,262144,all_128x2048,23.689813148073142,913517.4809570312,288627,141,2048
llama32_1b,wiki_train,6,fc_ls,0.5,262144,all_128x2048,21.644613649312465,887457.7822265625,288627,141,2048
llama32_1b,wiki_train,6,flap,0.5,262144,all_128x2048,29.8912816369642,980629.5283203125,288627,141,2048
llama32_1b,wiki_train,6,sobp,0.5,262144,all_128x2048,19.3405118856013,854971.4643554688,288627,141,2048
llama32_1b,wiki_train,6,fand,0.5,262144,all_128x2048,31.21137128517913,993102.728515625,288627,141,2048
llama32_1b,wiki_train,6,slimllm,0.5,262144,all_128x2048,50.42114402098383,1131536.353515625,288627,141,2048
llama32_1b,wiki_train,6,wanda,0.5,262144,all_128x2048,33.57876267710287,1014204.626953125,288627,141,2048
llama32_1b,wiki_train,7,fc_ls,0.2,262144,all_128x2048,12.707656607916807,733748.9143066406,288627,141,2048
llama32_1b,wiki_train,7,flap,0.2,262144,all_128x2048,13.886091687964313,759345.2360839844,288627,141,2048
llama32_1b,wiki_train,7,sobp,0.2,262144,all_128x2048,12.463509996792423,728149.6892089844,288627,141,2048
llama32_1b,wiki_train,7,fand,0.2,262144,all_128x2048,13.773774210510508,757001.1875,288627,141,2048
llama32_1b,wiki_train,7,slimllm,0.2,262144,all_128x2048,14.903813013205095,779759.6350097656,288627,141,2048
llama32_1b,wiki_train,7,wanda,0.2,262144,all_128x2048,13.975703838985448,761201.8698730469,288627,141,2048
llama32_1b,wiki_train,7,fc_ls,0.3,262144,all_128x2048,14.707407709721414,775930.7685546875,288627,141,2048
llama32_1b,wiki_train,7,flap,0.3,262144,all_128x2048,17.026816097984806,818196.7944335938,288627,141,2048
llama32_1b,wiki_train,7,sobp,0.3,262144,all_128x2048,14.217171084107235,766146.0744628906,288627,141,2048
llama32_1b,wiki_train,7,fand,0.3,262144,all_128x2048,17.23615622740644,821723.7485351562,288627,141,2048
llama32_1b,wiki_train,7,slimllm,0.3,262144,all_128x2048,20.0076691590741,864759.8740234375,288627,141,2048
llama32_1b,wiki_train,7,wanda,0.3,262144,all_128x2048,17.62554467586553,828171.6665039062,288627,141,2048
llama32_1b,wiki_train,7,fc_ls,0.4,262144,all_128x2048,17.621691891444122,828108.568359375,288627,141,2048
llama32_1b,wiki_train,7,flap,0.4,262144,all_128x2048,21.941285949430082,891386.9868164062,288627,141,2048
llama32_1b,wiki_train,7,sobp,0.4,262144,all_128x2048,16.432415187085205,807940.8383789062,288627,141,2048
llama32_1b,wiki_train,7,fand,0.4,262144,all_128x2048,22.68086891678567,900955.4697265625,288627,141,2048
llama32_1b,wiki_train,7,slimllm,0.4,262144,all_128x2048,29.21275233783444,974002.21484375,288627,141,2048
llama32_1b,wiki_train,7,wanda,0.4,262144,all_128x2048,23.59842940473324,912401.9458007812,288627,141,2048
llama32_1b,wiki_train,7,fc_ls,0.5,262144,all_128x2048,21.59200590433091,886755.4135742188,288627,141,2048
llama32_1b,wiki_train,7,flap,0.5,262144,all_128x2048,29.668448454793968,978469.8149414062,288627,141,2048
llama32_1b,wiki_train,7,sobp,0.5,262144,all_128x2048,19.309992959819926,854515.6572265625,288627,141,2048
llama32_1b,wiki_train,7,fand,0.5,262144,all_128x2048,31.283503899097724,993769.0048828125,288627,141,2048
llama32_1b,wiki_train,7,slimllm,0.5,262144,all_128x2048,50.58357838714362,1132464.6860351562,288627,141,2048
llama32_1b,wiki_train,7,wanda,0.5,262144,all_128x2048,33.38613657288247,1012544.1376953125,288627,141,2048
llama32_1b,wiki_train,8,fc_ls,0.2,262144,all_128x2048,12.636007477316587,732116.9538574219,288627,141,2048
llama32_1b,wiki_train,8,flap,0.2,262144,all_128x2048,13.809438654065836,757747.5637207031,288627,141,2048
llama32_1b,wiki_train,8,sobp,0.2,262144,all_128x2048,12.416378168702776,727056.1525878906,288627,141,2048
llama32_1b,wiki_train,8,fand,0.2,262144,all_128x2048,13.91241617964492,759891.8813476562,288627,141,2048
llama32_1b,wiki_train,8,slimllm,0.2,262144,all_128x2048,14.90350124083479,779753.5971679688,288627,141,2048
llama32_1b,wiki_train,8,wanda,0.2,262144,all_128x2048,13.96376011879269,760955.1020507812,288627,141,2048
llama32_1b,wiki_train,8,fc_ls,0.3,262144,all_128x2048,14.6397167917257,774599.294921875,288627,141,2048
llama32_1b,wiki_train,8,flap,0.3,262144,all_128x2048,17.11640055105525,819711.3881835938,288627,141,2048
llama32_1b,wiki_train,8,sobp,0.3,262144,all_128x2048,14.11680507673688,764101.2883300781,288627,141,2048
llama32_1b,wiki_train,8,fand,0.3,262144,all_128x2048,17.421258585883372,824806.8432617188,288627,141,2048
llama32_1b,wiki_train,8,slimllm,0.3,262144,all_128x2048,19.9241930720531,863553.1440429688,288627,141,2048
llama32_1b,wiki_train,8,wanda,0.3,262144,all_128x2048,17.773314002767837,830581.375,288627,141,2048
llama32_1b,wiki_train,8,fc_ls,0.4,262144,all_128x2048,17.46586374230262,825544.8955078125,288627,141,2048
llama32_1b,wiki_train,8,flap,0.4,262144,all_128x2048,21.939696167157663,891366.0732421875,288627,141,2048
llama32_1b,wiki_train,8,sobp,0.4,262144,all_128x2048,16.26645942840582,805011.0908203125,288627,141,2048
llama32_1b,wiki_train,8,fand,0.4,262144,all_128x2048,22.80239083095783,902497.77734375,288627,141,2048
llama32_1b,wiki_train,8,slimllm,0.4,262144,all_128x2048,29.03694373313978,972259.9477539062,288627,141,2048
llama32_1b,wiki_train,8,wanda,0.4,262144,all_128x2048,23.48538274615951,911015.9755859375,288627,141,2048
llama32_1b,wiki_train,8,fc_ls,0.5,262144,all_128x2048,21.25839944249975,882261.1840820312,288627,141,2048
llama32_1b,wiki_train,8,flap,0.5,262144,all_128x2048,29.567310016630287,977484.2172851562,288627,141,2048
llama32_1b,wiki_train,8,sobp,0.5,262144,all_128x2048,19.197279102189714,852825.9838867188,288627,141,2048
llama32_1b,wiki_train,8,fand,0.5,262144,all_128x2048,32.163159261488595,1001772.84765625,288627,141,2048
llama32_1b,wiki_train,8,slimllm,0.5,262144,all_128x2048,50.099073811455156,1129686.8056640625,288627,141,2048
llama32_1b,wiki_train,8,wanda,0.5,262144,all_128x2048,32.99924386580368,1009179.8745117188,288627,141,2048
llama32_1b,wiki_train,9,fc_ls,0.2,262144,all_128x2048,12.683395863531798,733197.3571777344,288627,141,2048
llama32_1b,wiki_train,9,flap,0.2,262144,all_128x2048,13.89563682014867,759543.5666503906,288627,141,2048
llama32_1b,wiki_train,9,sobp,0.2,262144,all_128x2048,12.418437453403921,727104.0180664062,288627,141,2048
llama32_1b,wiki_train,9,fand,0.2,262144,all_128x2048,13.824811752700557,758068.6936035156,288627,141,2048
llama32_1b,wiki_train,9,slimllm,0.2,262144,all_128x2048,14.897434859721345,779636.0893554688,288627,141,2048
llama32_1b,wiki_train,9,wanda,0.2,262144,all_128x2048,13.973982316045776,761166.3146972656,288627,141,2048
llama32_1b,wiki_train,9,fc_ls,0.3,262144,all_128x2048,14.747735388954263,776721.1000976562,288627,141,2048
llama32_1b,wiki_train,9,flap,0.3,262144,all_128x2048,17.08203056869998,819131.23828125,288627,141,2048
llama32_1b,wiki_train,9,sobp,0.3,262144,all_128x2048,14.182498743158092,765441.3212890625,288627,141,2048
llama32_1b,wiki_train,9,fand,0.3,262144,all_128x2048,17.191183150113993,820969.6704101562,288627,141,2048
llama32_1b,wiki_train,9,slimllm,0.3,262144,all_128x2048,19.90344410918873,863252.4125976562,288627,141,2048
llama32_1b,wiki_train,9,wanda,0.3,262144,all_128x2048,17.68966655571954,829219.7885742188,288627,141,2048
llama32_1b,wiki_train,9,fc_ls,0.4,262144,all_128x2048,17.61263880144289,827960.2490234375,288627,141,2048
llama32_1b,wiki_train,9,flap,0.4,262144,all_128x2048,21.953073105071272,891541.9995117188,288627,141,2048
llama32_1b,wiki_train,9,sobp,0.4,262144,all_128x2048,16.34550261329973,806410.2119140625,288627,141,2048
llama32_1b,wiki_train,9,fand,0.4,262144,all_128x2048,22.441412838692536,897892.0546875,288627,141,2048
llama32_1b,wiki_train,9,slimllm,0.4,262144,all_128x2048,29.109481523349622,972980.0737304688,288627,141,2048
llama32_1b,wiki_train,9,wanda,0.4,262144,all_128x2048,23.651569515655634,913051.1596679688,288627,141,2048
llama32_1b,wiki_train,9,fc_ls,0.5,262144,all_128x2048,21.529977526949775,885925.0678710938,288627,141,2048
llama32_1b,wiki_train,9,flap,0.5,262144,all_128x2048,29.592783936552706,977732.7788085938,288627,141,2048
llama32_1b,wiki_train,9,sobp,0.5,262144,all_128x2048,19.313875320893143,854573.6811523438,288627,141,2048
llama32_1b,wiki_train,9,fand,0.5,262144,all_128x2048,31.247355933358623,993435.3046875,288627,141,2048
llama32_1b,wiki_train,9,slimllm,0.5,262144,all_128x2048,49.85223533023422,1128261.2236328125,288627,141,2048
llama32_1b,wiki_train,9,wanda,0.5,262144,all_128x2048,32.91567261316806,1008447.9936523438,288627,141,2048
